source,target,predicate,dossier_id,relationship_id
BGC0000003,wider AFT functional programme,is_segment_of,M4-FUNG-0001,R001
wider AFT functional programme,conditionally dispensable/accessory chromosome,located_on,M4-FUNG-0001,R002
E001,NAF8,uses_strain,M4-FUNG-0001,R003
E001,A. oryzae RIB40,uses_strain,M4-FUNG-0002,R003
E002,YM-19,uses_strain,M4-FUNG-0001,R004
BGC0000004,canonical aflatoxin biosynthetic gene cluster,homologous_to,M4-FUNG-0002,R001
RIB40 aflJ/aflS allele,loss-of-function in regulatory assay,has_functional_state,M4-FUNG-0002,R002
E003,A. oryzae RIB67,uses_recipient,M4-FUNG-0002,R004
MIBiG compound annotation,aflatoxin G1 NMR characterization,references_structure_evidence,M4-FUNG-0002,R005
AY371490.1:1-82081,~70-kb 25-gene aflatoxin biosynthetic cluster,contains,M4-FUNG-0003,R001
AY371490.1:1-82081,nadA-hxtA-glcA-sugR; nadA later shown to participate in G-aflatoxin formation,contains_historical_adjacent_block,M4-FUNG-0003,R002
aflR,multiple aflatoxin structural genes,activates,M4-FUNG-0003,R003
nitrate,aflatoxin pathway expression/production under tested condition,inhibits,M4-FUNG-0003,R004
native chromosomal cluster position,nor-1 expression under inducing conditions,supports,M4-FUNG-0003,R005
aflU/cypA,G-aflatoxin branch,required_for,M4-FUNG-0003,R006
ATCC 56775,partial duplicated aflatoxin-cluster module,contains,M4-FUNG-0003,R007
BGC0000005.3,retired,database_status,M4-FUNG-0003,R008
nadA,late G-group aflatoxin biosynthesis beyond the historical 25-gene core,contributes_to,M4-FUNG-0003,R009
BGC0000006,AY510451.1:1-88318,encoded_by,M4-FUNG-0004,R001
AF13,aflatoxin B1 and aflatoxin B2,produces,M4-FUNG-0004,R002
AF13 norB–cypA proximal module,degenerated by 32-bp + 854-bp deletions,has_state,M4-FUNG-0004,R003
norB–cypA deletion,G-aflatoxin formation,constrains,M4-FUNG-0004,R004
cottonseed lipids,AFB1 production by AF13,promote_contextually,M4-FUNG-0004,R005
atoxigenic A. flavus AF36,realized AF13 aflatoxin contamination in cotton,suppresses_contextually,M4-FUNG-0004,R006
atfC,BGC0000006,located_outside,M4-FUNG-0004,R007
atfC,oxidative-stress tolerance; aflatoxin effect remains context-dependent,modifies,M4-FUNG-0004,R008
BGC0000007,AY510452.1:1-82511,encoded_by,M4-FUNG-0005,R001
BN008R / ATCC MYA-379,Aspergillus aflatoxiformans,current_literature_assignment,M4-FUNG-0005,R002
BN008R,aflatoxin B1 and aflatoxin G1,produces,M4-FUNG-0005,R003
urea nitrogen,BN008R B1/G1 accumulation relative to ammonium,promotes_contextually,M4-FUNG-0005,R004
very acidic pH,BN008R B1/G1 accumulation,suppresses_contextually,M4-FUNG-0005,R005
aflR transcript,BN008R aflatoxin output across pH,imperfectly_predicts,M4-FUNG-0005,R006
cypA,G-aflatoxin branch,required_for,M4-FUNG-0005,R007
BGC0000008,AY510453.1:1-75829,encoded_by,M4-FUNG-0006,R001
AF70,A. flavus AF70 / ATCC MYA-384 (strain TaxID 1392242),has_strain_taxonomy,M4-FUNG-0006,R002
AF70,aflatoxin B1 and aflatoxin B2,produces,M4-FUNG-0006,R003
ground corn,AF70 aflatoxin-cluster transcription and AFB1 output relative to PDB,promotes_contextually,M4-FUNG-0006,R004
Hbx1,AF70 development and aflatoxin production,supports,M4-FUNG-0006,R005
FhpA,AF70 AFB1 production,negatively_modulates_contextually,M4-FUNG-0006,R006
AF70 aflF/aflU region,S-morphotype deletion/degeneration,has_state,M4-FUNG-0006,R007
AF70 cluster genotype,NRRL3357 aflatoxin cluster,differs_extensively_from,M4-FUNG-0006,R008
BGC0000009,AY510454.1:1-75352,encoded_by,M4-FUNG-0007,R001
NRRL 13137,Aspergillus nomiae,current_species_name,M4-FUNG-0007,R002
NRRL 13137,aflatoxin B1/B2/G1/G2,produces,M4-FUNG-0007,R003
intact aflU/cypA,G-aflatoxin branch competence,supports,M4-FUNG-0007,R004
high initial spore density in peptone medium,NRRL 13137 aflatoxin biosynthesis,suppresses_contextually,M4-FUNG-0007,R005
high initial spore density in glucose medium,NRRL 13137 aflatoxin biosynthesis,promotes_contextually,M4-FUNG-0007,R006
arachidin-3,NRRL 13137 growth/development and AFB1 accumulation,suppresses_contextually,M4-FUNG-0007,R007
temperature,A. nomiae growth/transcript state versus final toxin output,differentially_controls,M4-FUNG-0007,R008
BGC0000010,AY510455.1:1-78264,encoded_by,M4-FUNG-0008,R001
AF36,YV36,belongs_to_VCG,M4-FUNG-0008,R002
AF36,MAT1-2,has_mating_type,M4-FUNG-0008,R003
aflC/pksA nt591 G→A,premature stop codon / nonfunctional PKS,causes,M4-FUNG-0008,R004
nonfunctional PksA,aflatoxin pathway biochemical execution,prevents,M4-FUNG-0008,R005
AF36/YV36 field application,aflatoxin contamination from toxigenic A. flavus populations,suppresses_ecologically,M4-FUNG-0008,R006
MIBiG aflatoxin compound annotation,native AF36 product evidence,does_not_equal,M4-FUNG-0008,R007
BGC0000011,AY092402.3:1-59535,encoded_by,M4-FUNG-0009,R001
SRRC 1432,CBS 550.77 / NRRL 28622 / ATCC 38873,same_strain_as,M4-FUNG-0009,R002
A. ochraceoroseus,sterigmatocystin + aflatoxin B1 + aflatoxin B2,produces,M4-FUNG-0009,R003
A. ochraceoroseus aflR,A. nidulans aflR mutant,complements,M4-FUNG-0009,R004
A. ochraceoroseus aflQ/ordA,BGC0000011,located_outside,M4-FUNG-0009,R005
A. ochraceoroseus aflQ/ordA,A. parasiticus aflQ mutant,complements,M4-FUNG-0009,R006
BGC0000011 architecture,A. nidulans sterigmatocystin cluster,resembles,M4-FUNG-0009,R007
BGC0000012,AB120221.1:1-21971,encoded_by,M4-FUNG-0010,R001
Alt5 / PKSN,alternapyrone,produces,M4-FUNG-0010,R002
alternapyrone,core intermediate / released PKS product rather than proven full-cluster end product,may_be,M4-FUNG-0010,R007
Alt1,cytochrome P450 tailoring,predicted_function,M4-FUNG-0010,R003
Alt2,cytochrome P450 tailoring,predicted_function,M4-FUNG-0010,R004
Alt3,cytochrome P450 tailoring,predicted_function,M4-FUNG-0010,R005
Alt4,FAD/FMN-dependent oxidative tailoring,predicted_function,M4-FUNG-0010,R006
BGC0000012-like clusters,multiple Pleosporalean/Dothideomycete fungi,distributed_across,M4-FUNG-0010,R008
BGC0000013 displayed region,"A. nidulans chromosome IV / BN001304.1:1,099,810–1,145,772",located_on,M4-FUNG-0011,R001
compact functional locus,"BN001304.1:1,119,810–1,127,658",spans,M4-FUNG-0011,R002
PkgA,alternariol/isocoumarin polyketide backbone,synthesizes,M4-FUNG-0011,R003
PkgB,PkgA polyketide product,enables_efficient_release_of,M4-FUNG-0011,R004
PkgA + PkgB direct induction,alternariol + dehydrocitreoisocoumarin + minor isocoumarins,produces,M4-FUNG-0011,R005
nearby putative TF induction,detectable new natural product under tested conditions,fails_to_produce,M4-FUNG-0011,R006
MIBiG historical alternariol structure reference,A. nidulans production,does_not_establish,M4-FUNG-0011,R007
sterigmatocystin-deficient background,induced natural-product discovery,reduces_confounding_for,M4-FUNG-0011,R008
BGC0000022,"AACD01000015.1:109,597–170,464",displayed_on,M4-FUNG-0012,R001
MIBiG locus feature,"AACD01000015.1:111,993–153,232",spans,M4-FUNG-0012,R002
MIBiG locus feature,"cicF/PKS at 139,085–146,905",corresponds_primarily_to,M4-FUNG-0015,R002
functional afo programme,afoA + afoB/afoC/afoD/afoE/afoF/afoG,contains_required,M4-FUNG-0012,R003
AN1030,asperfuranone cluster under ScpR activation,coexpressed_with,M4-FUNG-0012,R004
AN1030,asperfuranone production in deletion assay,not_required_for,M4-FUNG-0012,R005
AfoG,AfoE,supplies_starter_to,M4-FUNG-0012,R006
AfoD deletion,preasperfuranone,accumulates,M4-FUNG-0012,R007
ScpR chromosome-II regulator,AfoA on chromosome VIII,activates_via,M4-FUNG-0012,R008
AfoB,product transport/recovery,supports,M4-FUNG-0012,R009
BGC0000027,KC148521.1:1-80000,encoded_by,M4-FUNG-0013,R001
M. purpureus discovery locus,M. pilosus BGC0000027,homologous_to,M4-FUNG-0013,R002
MpPKS5,Monascus azaphilone pigment backbone,required_for,M4-FUNG-0013,R003
MppR1,MpPKS5 / pigment pathway access,regulates,M4-FUNG-0013,R004
MpFAS2,short-chain C8/C10 acyl moieties for pigment decoration,supplies,M4-FUNG-0013,R005
MppE,yellow ankaflavin/monascin branch,promotes,M4-FUNG-0013,R006
MppG,orange rubropunctatin/monascorubrin branch,promotes,M4-FUNG-0013,R007
mppE overexpression phenotype,culture method,depends_on,M4-FUNG-0013,R008
BGC0000030,"HF679027.1:82,202–128,472 / chromosome V",displayed_on,M4-FUNG-0014,R001
functional bik core,"FFUJ_06742–FFUJ_06747 / 102,202–119,287",spans,M4-FUNG-0014,R002
Bik1,pre-bikaverin polyketide scaffold,produces,M4-FUNG-0014,R003
Bik2,bikaverin pathway intermediates,oxidizes,M4-FUNG-0014,R004
Bik3,bikaverin pathway intermediates,methylates,M4-FUNG-0014,R005
Bik4,bik1/bik2/bik3 expression,positively_regulates,M4-FUNG-0014,R006
Bik5,bik1/bik4/bik6 and pathway output,positively_regulates,M4-FUNG-0014,R007
Bik6,bikaverin export/recovery,supports,M4-FUNG-0014,R008
PacC,alkaline pH,represses_under,M4-FUNG-0014,R009
high nitrogen,bik1–bik6 transcription,represses,M4-FUNG-0014,R010
high nitrogen,FUS transcription and fusarin production,activates,M4-FUNG-0023,R008
ralsolamycin,bik1/bik2/bik3 transcription and bikaverin production,induces,M4-FUNG-0014,R011
bikaverin,Ralstonia invasion frequency in chlamydospores,reduces,M4-FUNG-0014,R012
BGC0000037 display region,"BN001301.1 chromosome I:119,085–166,905",located_on,M4-FUNG-0015,R001
CicF,3-methylorsellinic acid scaffold,produces,M4-FUNG-0015,R003
CicB deletion,3-methylorsellinic acid,accumulates,M4-FUNG-0015,R004
CicC deletion,nidulol,accumulates,M4-FUNG-0015,R005
CicD,cichorine pathway and derivative production,positively_regulates,M4-FUNG-0015,R006
CicG,cichorine production under YES deletion assay,not_required_for,M4-FUNG-0015,R007
cichorine-derived precursor,aspercryptin assembled by separate BGC,contributes_to,M4-FUNG-0015,R008
acidified extraction,otherwise missed ionizable pathway intermediates,reveals,M4-FUNG-0015,R009
local cic cluster,lactone-to-lactam conversion,likely_requires_extra_cluster_function_for,M4-FUNG-0015,R010
MlcA,compactin nonaketide core,builds,M4-FUNG-0016,R001
MlcG,MlcA reductive programming,partners_with,M4-FUNG-0016,R002
MlcB,compactin diketide side chain,synthesizes,M4-FUNG-0016,R003
MlcH,diketide side chain + ML-236A → compactin,couples,M4-FUNG-0016,R004
MlcR,mlc biosynthetic genes,positively_regulates,M4-FUNG-0016,R005
MlcD,compactin target resistance,confers,M4-FUNG-0016,R006
MlcE,compactin efflux/self-resistance,predicted_to_support,M4-FUNG-0016,R007
BGC0000045,JX971534.1:1-31000,encoded_by,M4-FUNG-0017,R001
AtCURS1,AtCURS2,supplies_starter_to,M4-FUNG-0017,R002
AtCURS2,"10,11-dehydrocurvularin",produces_with_AtCURS1,M4-FUNG-0017,R003
CurR,dehydrocurvularin locus,predicted_to_regulate,M4-FUNG-0017,R004
CurE,dehydrocurvularin,predicted_to_export,M4-FUNG-0017,R005
AtCURS1 + AtCURS2,heterologous final-product formation,sufficient_for,M4-FUNG-0017,R006
starter-unit feeding,AtCURS1 requirement experimentally,bypasses,M4-FUNG-0017,R007
A. terreus NIH2624,producer-strain curS1/curS2 orthologs,lacks,M4-FUNG-0017,R008
BGC0000046,FJ977165.1:1–25000,encoded_by,M4-FUNG-0018,R001
DEP6,DEP1–DEP5,positively_regulates,M4-FUNG-0018,R002
DEP5,depudecin polyketide scaffold formation,required_for,M4-FUNG-0018,R003
DEP2,oxidative tailoring toward depudecin,required_for,M4-FUNG-0018,R004
DEP4,oxidative tailoring toward depudecin,required_for,M4-FUNG-0018,R005
DEP3,transport/export of depudecin or related function,predicted_to_support,M4-FUNG-0018,R006
depudecin,cabbage virulence,contributes_to,M4-FUNG-0018,R007
depudecin,Arabidopsis virulence in defining assay,not_required_detectably_for,M4-FUNG-0018,R008
higher temperature 23→30°C,depudecin production,reduces,M4-FUNG-0018,R009
reduced nitrate / ammonium substitution,depudecin production at 23°C,increases_contextually,M4-FUNG-0018,R010
DEP cluster family,horizontal transfer and recurrent partial degeneration across fungi,shows,M4-FUNG-0018,R011
BGC0000048,"DQ149246.3:1–52,829 / pksA mini-cluster",encodes_region,M4-FUNG-0019,R001
dothistromin functional programme,six loci on chromosome 12,distributed_across,M4-FUNG-0019,R002
PksA,de novo dothistromin scaffold synthesis,required_for,M4-FUNG-0019,R003
PksA mutant,downstream precursor-to-dothistromin conversion competence,retains,M4-FUNG-0019,R004
DotA/Ver1 loss,versicolorin A,accumulates,M4-FUNG-0019,R005
DsAflR,multiple physically separated dothistromin loci,coordinates,M4-FUNG-0019,R006
DsLaeA,DsAflR and dothistromin output,negatively_regulates,M4-FUNG-0019,R007
H3K27me3,dispersed chromosome-12 dothistromin genes,represses_or_constrains,M4-FUNG-0019,R008
early exponential state,high dothistromin-gene expression and production,associates_with,M4-FUNG-0019,R009
dothistromin,mesophyll colonization / lesion expansion / sporulation,promotes,M4-FUNG-0019,R010
dothistromin,initial infection and disease-cycle completion,not_required_for,M4-FUNG-0019,R011
chromosome-11 NorB,DsAflR,responds_to,M4-FUNG-0019,R012
BGC0000057 display region,"AACD01000135.1:108,096–154,597",located_on,M4-FUNG-0020,R001
OrsA,orsellinic acid,produces,M4-FUNG-0020,R002
OrsA + OrsB + OrsC,F9775A/F9775B local biosynthesis,required_for,M4-FUNG-0020,R003
OrsB deletion,gerfelin + C10-deoxygerfelin + orsellinic acid,accumulates,M4-FUNG-0020,R004
OrsC deletion,diorcinol + orsellinic acid,accumulates,M4-FUNG-0020,R005
AN7913–AN7915,OA/F9775A/B under targeted-deletion conditions,coinduced_but_not_required_for,M4-FUNG-0020,R006
S. rapamycinicus physical contact,ors transcription and OA/lecanoric acid/F9775 chemistry,induces,M4-FUNG-0020,R007
SAGA/ADA GcnE/AdaB,bacteria-induced ors activation,required_for,M4-FUNG-0020,R008
CclA loss,ors/F9775 programme,derepresses,M4-FUNG-0020,R009
CclA loss,mdp secondary-metabolite locus,derepresses,M4-FUNG-0031,R002
CclA loss,broader higginsianin/secondary-metabolite output,derepresses,M4-FUNG-0451,R004
VeA,ors/F9775 programme,represses_contextually,M4-FUNG-0020,R010
VeA,aflR expression and ST production,supports,M4-FUNG-0039,R007
VeA,ATM1 expression and aflatrem production,positively regulates,M4-FUNG-0072,R003
MvlA overexpression,ΔveA/ΔcclA F9775 activation,suppresses,M4-FUNG-0020,R011
stationary liquid Czapek culture,wild-type OA/F9775 production,enables,M4-FUNG-0020,R012
BGC0000062,AF155773.5,encoded_by,M4-FUNG-0021,R001
Fum21,most FUM biosynthetic genes,positively_regulates,M4-FUNG-0021,R002
Fum1,Fum8 in pathway order,precedes,M4-FUNG-0021,R003
Fum8,Fum6-dependent oxidation,precedes,M4-FUNG-0021,R004
Fum13,C3 carbonyl to C3 hydroxyl,reduces,M4-FUNG-0021,R005
Fum2,C10 hydroxylation/congener class,controls,M4-FUNG-0021,R006
Fum3,final C5 hydroxylation,performs,M4-FUNG-0021,R007
Fum7/Fum10/Fum11/Fum14,tricarballylic ester arms,construct_and_attach,M4-FUNG-0021,R008
Fum18,ceramide-synthase-based FB1 self-protection,confers,M4-FUNG-0021,R009
Fum19,FUM cluster expression and FB1 level,negatively_regulates,M4-FUNG-0021,R010
Fum16,palmitoyl-CoA/ceramide self-protection module,supports,M4-FUNG-0021,R011
FUM15–FUM19,self-protection/regulatory subcluster,form,M4-FUNG-0021,R012
FUM1 loss,fumonisin but not tested maize ear pathogenicity,abolishes,M4-FUNG-0021,R013
BGC0000063,"EU449979.1:1–53,327",encoded_by,M4-FUNG-0022,R001
FoFum8 Val580,predominant C-series fumonisin output,associates_with_and_causes,M4-FUNG-0022,R002
FvFum8 Ala580,predominant B-series fumonisin output,associates_with_and_causes,M4-FUNG-0022,R003
FoFUM8,glycine for FC backbone formation,uses_preferentially,M4-FUNG-0022,R004
FvFUM8,alanine for FB backbone formation,uses_preferentially,M4-FUNG-0022,R005
FUM15,hydroxy-FC1 hydroxylation,not_required_for,M4-FUNG-0022,R006
CPM1,FUM19 at O-1890 cluster edge,adjacent_to,M4-FUNG-0022,R007
O-1890,Dianthus caryophyllus in Korea,isolated_from,M4-FUNG-0022,R008
BGC0000064,"AY604568.1:1–11,857",encoded_by,M4-FUNG-0023,R001
F. verticillioides transcriptional FUS locus,FUS1–FUS9 / FVEG_11086–FVEG_11078,contains,M4-FUNG-0023,R002
Fus1,prefusarin scaffold,produces,M4-FUNG-0023,R003
Fus8,prefusarin C20 and later C20 aldehyde to carboxylate,oxidizes,M4-FUNG-0023,R004
Fus2,2-pyrrolidone ring closure + C15 oxidation + C13–C14 epoxidation,drives,M4-FUNG-0023,R005
Fus9,carboxy-fusarin C to fusarin C,methylates,M4-FUNG-0023,R006
Fus3–Fus7,canonical fusarin C formation in F. fujikuroi,coexpressed_but_not_required_for,M4-FUNG-0023,R007
Ustilago maydis coculture,F. verticillioides FUS1–FUS9 transcription at day 2,induces,M4-FUNG-0023,R009
FvStuA,FUS cluster transcription,positively_regulates,M4-FUNG-0023,R010
BGC0000070,"GU574478.1:1–55,000",encoded_by,M4-FUNG-0024,R001
GsfA,heptaketide benzophenone precursor,produces,M4-FUNG-0024,R002
GsfB,3-OH of benzophenone pathway intermediate,methylates,M4-FUNG-0024,R003
GsfC,9-OH of benzophenone pathway intermediate,methylates,M4-FUNG-0024,R004
GsfI,griseophenone C → griseophenone B,chlorinates,M4-FUNG-0024,R005
GsfF,grisan oxa-spiro scaffold by oxidative phenolic coupling,forms,M4-FUNG-0024,R006
GsfD,5-OH of late grisan intermediate,methylates,M4-FUNG-0024,R007
GsfE,dehydrogriseofulvin → griseofulvin stereospecifically,reduces,M4-FUNG-0024,R008
GsfK,canonical griseofulvin production under tested conditions,not_required_for,M4-FUNG-0024,R009
GsfH,canonical griseofulvin production under tested conditions,not_required_for,M4-FUNG-0024,R010
BGC0000076,EU520417.1 / DSM11931,encoded_by,M4-FUNG-0025,R001
BGC0000076,BGC0000077,near_identical_strain_counterpart_of,M4-FUNG-0026,R002
BGC0000077,BGC0000076,near_identical_strain_counterpart_of,M4-FUNG-0025,R002
BGC0000077,EU520418.1 / DSM11932,encoded_by,M4-FUNG-0026,R001
Hpm8,Hpm3,supplies_reduced_starter_to,M4-FUNG-0025,R003
Hpm8,Hpm3,supplies_reduced_starter_to,M4-FUNG-0026,R003
Hpm3 + Hpm8,DHZ 14-membered resorcylic acid lactone scaffold,produce,M4-FUNG-0025,R004
Hpm3 + Hpm8,DHZ 14-membered resorcylic acid lactone scaffold,produce,M4-FUNG-0026,R004
Hpm5,4-OH of hypothemycin/RAL substrates,methylates,M4-FUNG-0025,R005
Hpm5,4-OH of hypothemycin/RAL substrates,methylates,M4-FUNG-0026,R005
Hpm7,"1′,2′ double bond",epoxidizes,M4-FUNG-0025,R006
Hpm7,"1′,2′ double bond",epoxidizes,M4-FUNG-0026,R006
Hpm1,DHZ-derived RAL side chain,hydroxylates,M4-FUNG-0025,R007
Hpm1,DHZ-derived RAL side chain,hydroxylates,M4-FUNG-0026,R007
Hpm2,"7′,8′ olefin",isomerizes,M4-FUNG-0025,R008
Hpm2,"7′,8′ olefin",isomerizes,M4-FUNG-0026,R008
Hpm6,cis hypothemycin,hypothesized_to_export_selectively,M4-FUNG-0025,R009
Hpm6,cis hypothemycin,hypothesized_to_export_selectively,M4-FUNG-0026,R009
Hpm9,late side-chain alcohol to ketone/enone state,proposed_to_oxidize,M4-FUNG-0025,R010
Hpm9,late side-chain alcohol to ketone/enone state,proposed_to_oxidize,M4-FUNG-0026,R010
BGC0000088,"AH007774.2:1–55,428",encoded_by,M4-FUNG-0027,R001
LovB,BGC0000088/AH007774.2 on AF151722,encoded_separately_from,M4-FUNG-0027,R002
LovC,specific LovB-bound enoyl intermediates,trans_reduces,M4-FUNG-0027,R003
LovB + LovC,dihydromonacolin L scaffold,produce,M4-FUNG-0027,R004
LovG,dihydromonacolin L from LovB,releases,M4-FUNG-0027,R005
LovA,DML acid → monacolin L acid → monacolin J acid,converts,M4-FUNG-0027,R006
LovF,2-methylbutyryl side-chain donor,synthesizes,M4-FUNG-0027,R007
LovD,LovF-bound 2-methylbutyryl group to monacolin J,transfers,M4-FUNG-0027,R008
carbon assimilation limitation,onset of native lovastatin production,associates_with,M4-FUNG-0027,R009
ROS accumulation,lovE/lovF expression and lovastatin production,positively_associates_with_and_regulates,M4-FUNG-0027,R010
cluster HMG-CoA reductase homolog,producer resistance/self-protection,supports,M4-FUNG-0027,R011
BGC0000089,BGC0000088 lovastatin programme,legacy_partial_of,M4-FUNG-0028,R001
AF141925.1,AH007774,replaced_by,M4-FUNG-0028,R002
AF141924.1 + AF141925.1,17-gene lovastatin cluster,historically_encode,M4-FUNG-0028,R003
M4-FUNG-0028,M4-FUNG-0027 / BGC0000088,cross_references,M4-FUNG-0028,R004
BGC0000098,"DQ176595.1:1–45,000",encoded_by,M4-FUNG-0029,R001
MokA,monacolin K core-scaffold biosynthesis,required_for,M4-FUNG-0029,R002
MokE,MokA iterative-PKS execution,trans_reduces/supports,M4-FUNG-0029,R003
MokB,diketide side chain downstream of monacolin J,synthesizes,M4-FUNG-0029,R004
MokF,MokB-derived side chain to monacolin J,predicted_to_transfer,M4-FUNG-0029,R005
MokH,mok cluster transcription and MK output,positively_regulates,M4-FUNG-0029,R006
MokI overexpression,MK output/recovery,increases,M4-FUNG-0029,R007
10 mM glutamate,MK production and mokB–mokI expression,increases,M4-FUNG-0029,R008
temperature shift 30→25°C,MK despite lower biomass,increases,M4-FUNG-0029,R009
MpClr4 inactivation,MK production,increases,M4-FUNG-0029,R010
MpDot1 inactivation,MK production,decreases,M4-FUNG-0029,R011
monacolin K,lovastatin,chemically_identical_to,M4-FUNG-0029,R012
BGC0000099,"HM070047.1:1–8,104",encoded_by,M4-FUNG-0030,R001
functional monascorubrin programme,pks3 + rp1 + rp2 + rp3 + rp4,contains,M4-FUNG-0030,R002
RP1,PKS3-dependent pathway,positively_regulates_inferred,M4-FUNG-0030,R003
PKS3,compound-1/polyketide chromophore branch,produces,M4-FUNG-0030,R004
RP2 + RP3 + RP4,3-oxo-decanoic-acid/fatty-acid branch,required_for,M4-FUNG-0030,R005
pks3 + rp1,citrinin branch,required_for,M4-FUNG-0030,R006
rp2/rp3/rp4,citrinin formation under tested conditions,not_required_for,M4-FUNG-0030,R007
pks3 + rp1–rp4,monascorubrin and ankaflavin,required_for,M4-FUNG-0030,R008
free amino acids,monascorubrin/rubropunctatin after scaffold formation,conjugate_with,M4-FUNG-0030,R009
25°C mold state,diffusible red-pigment programme,supports,M4-FUNG-0030,R010
ten tested neighboring ORFs outside rp1–rp4,visible red-pigment phenotype,not_required_for,M4-FUNG-0030,R011
BGC0000101,"BN001308.1:4,367,684–4,413,245 displayed region",encoded_by,M4-FUNG-0031,R001
MdpG,atrochrysone thioester,synthesizes,M4-FUNG-0031,R003
MdpF,atrochrysone carboxylic acid from MdpG,releases,M4-FUNG-0031,R004
MdpH1/MdpH2,flux toward emodin rather than endocrocin,direct,M4-FUNG-0031,R005
MdpE + MdpA,mdp cluster transcription,activate,M4-FUNG-0031,R006
MdpD,xanthone branch but not monodictyphenone,required_for,M4-FUNG-0031,R007
XptA + XptB,xanthone-pathway intermediates,prenylate,M4-FUNG-0031,R008
XptC,late prenylated precursors to shamixanthone/epishamixanthone,converts,M4-FUNG-0031,R009
AN7999,obvious prenyl-xanthone production under tested conditions,not_required_for,M4-FUNG-0031,R010
prenylated xanthones,Hülle cells during sexual development,accumulate_in,M4-FUNG-0031,R011
Hülle-cell xanthones,sexual structures from arthropod fungivory,protect,M4-FUNG-0031,R012
BGC0000104,"HQ731031.1:1–33,515 displayed region",encoded_by,M4-FUNG-0032,R001
MpaC,5-methylorsellinic acid,produces,M4-FUNG-0032,R002
MpaDE,5-MOA → DHMB → DHMP,converts,M4-FUNG-0032,R003
MpaA,DHMP → FDHMP,farnesylates,M4-FUNG-0032,R004
MpaA,Golgi membrane,localizes_to,M4-FUNG-0032,R011
MpaB,FDHMP side chain → FDHMP-3C,oxidatively_cleaves,M4-FUNG-0032,R005
MpaG,"DMMPA, FDHMP and FDHMP-3C",methylates,M4-FUNG-0032,R006
peroxisomal β-oxidation,methylated prenyl side chain toward MPA-CoA,shortens,M4-FUNG-0032,R007
MpaH,MPA-CoA → MPA,hydrolyzes,M4-FUNG-0032,R008
MpaH,peroxisome,localizes_to,M4-FUNG-0032,R013
MpaF / IMPDH-B,self-resistance to MPA,confers,M4-FUNG-0032,R009
mpaD + mpaE database CDSs,single mpaDE fusion gene,form_native_transcript,M4-FUNG-0032,R010
MpaDE + MpaB,endoplasmic reticulum,localize_to,M4-FUNG-0032,R012
BGC0000107,"BN001302.1:1,116,199–1,162,873 displayed region",encoded_by,M4-FUNG-0033,R001
WA,YWA1,synthesizes,M4-FUNG-0033,R002
wA loss,white conidia,causes,M4-FUNG-0033,R003
YA,yellow YWA1-derived pigment toward green conidial pigment,oxidizes/modifies,M4-FUNG-0033,R004
AbaA,yA transcription,directly_activates,M4-FUNG-0033,R005
FwA,YWA1 independently of YA,modifies_inferred,M4-FUNG-0033,R006
ChaA,FwA-derived pigment branch,acts_downstream_of_inferred,M4-FUNG-0033,R007
wA,"yA, fwA and chaA",epistatic_to,M4-FUNG-0033,R008
fwA,chaA,epistatic_to,M4-FUNG-0033,R009
conidial development,YA/laccase accumulation,induces,M4-FUNG-0033,R010
mature green pigment,conidia against UV damage,protects,M4-FUNG-0033,R011
PatK,6-methylsalicylic acid,synthesizes,M4-FUNG-0034,R001
PatG,6-MSA → m-cresol,decarboxylates,M4-FUNG-0034,R002
PatH,m-cresol → m-hydroxybenzyl alcohol,hydroxylates,M4-FUNG-0034,R003
PatI,m-hydroxybenzyl alcohol → gentisyl alcohol,hydroxylates,M4-FUNG-0034,R004
PatN,isoepoxydon → phyllostine,converts,M4-FUNG-0034,R005
PatF,phyllostine → neopatulin,converts,M4-FUNG-0034,R006
PatD,neopatulin → E-ascladiol,converts,M4-FUNG-0034,R007
PatE,E-ascladiol → patulin,oxidizes,M4-FUNG-0034,R008
PatL,patulin cluster transcription,activates,M4-FUNG-0034,R009
patulin,cultivar-dependent apple aggressiveness,increases,M4-FUNG-0034,R010
BGC0000121,"KC145148.1:1–40,346 displayed region",encoded_by,M4-FUNG-0035,R001
PtaA,emodin-family polyketide scaffold,initiates,M4-FUNG-0035,R002
PtaB/PtaC/PtaD/PtaF,early emodin-family scaffold maturation,support,M4-FUNG-0035,R003
PtaH/PtaI,aromatic pathway intermediates,methylate,M4-FUNG-0035,R004
PtaJ,methylated anthraquinone toward benzophenone state,ring_cleaves,M4-FUNG-0035,R005
PtaM,isosulochrin-like or RES-1214-1 substrate,chlorinates,M4-FUNG-0035,R006
PtaE,benzophenone precursor into diphenyl ether,oxidatively_couples,M4-FUNG-0035,R007
RES-1214-1,pestheic acid / RES-1214-2,can_be_chlorinated_to,M4-FUNG-0035,R008
pestheic acid,RES-1214-2 / dihydromaldoxin,synonym_of,M4-FUNG-0035,R009
pta cluster expression,pestheic-acid production in rice fermentation,associates_with,M4-FUNG-0035,R010
W106-1,Camellia sinensis,endophyte_of,M4-FUNG-0035,R011
Pyr2,HPPO,synthesizes,M4-FUNG-0036,R001
Pyr6,HPPO,farnesylates,M4-FUNG-0036,R002
Pyr5,farnesyl-HPPO,epoxidizes,M4-FUNG-0036,R003
Pyr4,epoxyfarnesyl intermediate,cyclizes,M4-FUNG-0036,R004
GpaB,pyr cluster in dual biofilm,regulates,M4-FUNG-0036,R005
pyripyropene,A. fumigatus mixed-biofilm fitness,supports,M4-FUNG-0036,R006
Rdc5,reduced pentaketide starter,produces,M4-FUNG-0037,R001
Rdc5 product,Rdc1 SAT/NRPKS system,transferred_to,M4-FUNG-0037,R002
Rdc1,(R)-monocillin II,produces,M4-FUNG-0037,R003
Rdc2,monocillin/RAL substrates,chlorinates,M4-FUNG-0037,R004
NaBr,rdc2 transcription,represses,M4-FUNG-0037,R005
NaBr,radicicol → chlorine-free monocillin profile,redirects,M4-FUNG-0037,R006
Rdc4,epoxidative late tailoring,associated_with,M4-FUNG-0037,R007
Rdc3,MFS transporter,predicted_as,M4-FUNG-0037,R008
BGC0000146,"AB514562.1:1–21,000",encoded_by,M4-FUNG-0038,R001
Sol1,desmethylprosolanapyrone I,synthesizes,M4-FUNG-0038,R002
Sol2,desmethylprosolanapyrone I → prosolanapyrone I,methylates,M4-FUNG-0038,R003
Sol6,prosolanapyrone I → prosolanapyrone II,hydroxylates,M4-FUNG-0038,R004
Sol5,prosolanapyrone II → prosolanapyrone III → solanapyrones A/D,oxidizes_and_cyclizes,M4-FUNG-0038,R005
Sol3,solanapyrone A/D → solanapyrone B/E,reduces,M4-FUNG-0038,R006
Sol4,sol1/2/3/5/6 transcription,positively_regulates,M4-FUNG-0038,R007
sol5 deletion,loss of solanapyrones + prosolanapyrone-II-diol accumulation,causes,M4-FUNG-0038,R008
sol5 deletion,A. solani pathogenicity on tested potato/tomato hosts,does_not_reduce,M4-FUNG-0038,R009
A. oryzae host enzymes,prosolanapyrone-I terminal olefin when Sol6 is absent/delayed,oxidize,M4-FUNG-0038,R010
host ethanolamine,solanapyrone A → solanapyrone C,converts_nonenzymatically,M4-FUNG-0038,R011
corrected Sol6 expression,heterologous-host side-product formation,suppresses,M4-FUNG-0038,R012
Δsol5 feedback state,other sol biosynthetic genes,upregulates,M4-FUNG-0038,R013
StcJ + StcK,dedicated hexanoyl starter for StcA,supply,M4-FUNG-0039,R001
StcA,early sterigmatocystin polyketide/norsolorinic-acid pathway,synthesizes,M4-FUNG-0039,R002
StcB + StcW,averufin,required_after,M4-FUNG-0039,R003
StcS + StcU,versicolorin A → sterigmatocystin segment,required_for,M4-FUNG-0039,R004
StcP,demethylsterigmatocystin → sterigmatocystin,methylates,M4-FUNG-0039,R005
AflR,TCG(N5)CGA motifs in stc promoters,binds,M4-FUNG-0039,R006
LaeA,ST cluster transcription,supports,M4-FUNG-0039,R008
glucose concentration,effect of light on ST production,modifies,M4-FUNG-0039,R009
current MIBiG gene list,historical 25-transcript cluster definition,underrepresents,M4-FUNG-0039,R010
BGC0000154,"EQ962655.1:1,793,486–1,841,545 displayed region",encoded_by,M4-FUNG-0040,R001
TropA,3-methylorcinaldehyde,synthesizes,M4-FUNG-0040,R002
TropB,3-methylorcinaldehyde → hydroxycyclohexadienone,dearomatizes,M4-FUNG-0040,R003
TropC,six-membered dienone → seven-membered tropolone/stipitaldehyde,ring_expands,M4-FUNG-0040,R004
TropD,stipitaldehyde methyl group → stipitacetal-forming state,hydroxylates,M4-FUNG-0040,R005
TropE,stipitacetal → stipitalide,converts,M4-FUNG-0040,R006
TropF,stipitalide/lactone toward open-chain intermediate,opens,M4-FUNG-0040,R007
TropG,late open-chain oxidation sequence,acts_in,M4-FUNG-0040,R008
TropG,current MIBiG BGC0000154 displayed boundary,lies_outside,M4-FUNG-0040,R014
TropH,late aldehyde → dicarboxylate,oxidizes,M4-FUNG-0040,R009
TropI,dicarboxylate ↔ maleic-anhydride/stipitatonic state,interconverts,M4-FUNG-0040,R010
TropJ,late intermediate → stipitatic acid,decarboxylates,M4-FUNG-0040,R011
genomic tropA intron construct,A. oryzae heterologous expression,fails_in,M4-FUNG-0040,R012
intronless tropA construct,3-methylorcinaldehyde in A. oryzae,produces,M4-FUNG-0040,R013
Tox1A,Race-T chr12;6 / scaffold_4,located_on,M4-FUNG-0041,R001
Tox1B,Race-T chr6;12 / scaffold_8,located_on,M4-FUNG-0041,R002
PKS1,T-toxin + high virulence,required_for,M4-FUNG-0041,R003
PKS2,T-toxin + high virulence,required_for,M4-FUNG-0041,R004
46357,high-level active T-toxin,required_for,M4-FUNG-0041,R005
ChLae1 + ChVel1,Tox1 transcription in dark,positively_regulate,M4-FUNG-0041,R006
darkness,T-toxin production,increases,M4-FUNG-0041,R007
T-toxin,T-cms/URF13 susceptibility system,acts_on,M4-FUNG-0041,R008
BGC0000156,"JN257714.1:1–13,275",encoded_by,M4-FUNG-0042,R001
AdaR,adaA/adaB/adaC/adaD programme,activates,M4-FUNG-0042,R002
AdaA,ACP-bound decaketide scaffold,synthesizes,M4-FUNG-0042,R003
AdaC,C2/α-carbon of ACP-bound decaketide,hydroxylates,M4-FUNG-0042,R004
AdaC hydroxylation,AdaB off-loading from hydrolysis toward Claisen-like fourth-ring closure,switches,M4-FUNG-0042,R005
AdaB,C18–C1 fourth-ring closure,catalyzes,M4-FUNG-0042,R006
AdaD,C9 hydroxyl → TAN-1612,methylates,M4-FUNG-0042,R007
AdaE,AdaA-containing core locus,adjacent_to,M4-FUNG-0042,R008
AdaE coexpression,heterologous host tolerance and extracellular TAN-1612 recovery,improves,M4-FUNG-0042,R009
BMS-192548,TAN-1612 during purification,likely_tautomeric_to,M4-FUNG-0042,R010
AdaA+AdaC without AdaB,trace tetracyclic product,produces,M4-FUNG-0042,R011
AdaA+AdaB without AdaC,unhydroxylated tricyclic hydrolysis product,produces,M4-FUNG-0042,R012
AtX,6-MSA,synthesizes,M4-FUNG-0043,R001
AtA,6-MSA → 3-methylcatechol,converts,M4-FUNG-0043,R002
AtE,3-methylcatechol → benzenetriol,hydroxylates,M4-FUNG-0043,R003
AtG,AtE-dependent hydroxylation,enhances,M4-FUNG-0043,R004
AtD,benzenetriol → terremutin,converts,M4-FUNG-0043,R005
AtC,terremutin → terreic acid,oxidizes,M4-FUNG-0043,R006
AtF,terreic-acid programme,positively_regulates,M4-FUNG-0043,R007
ATEG_06279,primary eight-gene at definition,excluded_from,M4-FUNG-0043,R008
BGC0000161,"CH476594.1:399,827–452,585",displayed_on,M4-FUNG-0044,R001
TerR,terA–J transcription,activates,M4-FUNG-0044,R002
AreA + AtfA,terR during nitrogen limitation/methionine signaling,activate_via,M4-FUNG-0044,R003
HapX,terR under iron limitation,activates_via,M4-FUNG-0044,R004
TerA + TerB,6-hydroxymellein,produce,M4-FUNG-0044,R005
TerC,6-hydroxymellein,oxidatively_decarboxylates,M4-FUNG-0044,R006
TerD,TerC-derived intermediate,hydroxylates,M4-FUNG-0044,R007
TerG/TerJ,terrein export/self-protection,predicted_to_support,M4-FUNG-0044,R008
terH/terI deletion,terrein production,reduces_but_does_not_abolish,M4-FUNG-0044,R009
plant-derived media,terR/ter pathway,induces,M4-FUNG-0044,R010
terrein,Fe3+ → Fe2+,reduces,M4-FUNG-0044,R011
terrein,iron acquisition in siderophore-deficient A. terreus,supports,M4-FUNG-0044,R013
terrein oxidation,propylene maleic acid,produces,M4-FUNG-0044,R012
current MIBiG product label,experimental terrein identity,conflicts_with,M4-FUNG-0044,R014
VrtA,viridicatumtoxin core formation,required_for,M4-FUNG-0045,R001
VrtC,naphthacenedione core,geranylates,M4-FUNG-0045,R002
VrtD,GPP for prenylation,supplies,M4-FUNG-0045,R003
VrtK,geranyl side chain to spirobicycle,cyclizes,M4-FUNG-0045,R004
YanA,6-MSA,synthesizes,M4-FUNG-0046,R001
YanB,6-MSA → m-cresol,decarboxylates,M4-FUNG-0046,R002
YanI,yanuthone precursor,O-mevalonylates,M4-FUNG-0046,R003
YanF,yanuthone E → yanuthone D,oxidizes,M4-FUNG-0046,R004
AtaP,diketopiperazine scaffold,assembles,M4-FUNG-0047,R001
nine-gene ata set,acetylaranotin biosynthesis,required_for,M4-FUNG-0047,R002
current MIBiG display,deletion-defined functional set,broader_than,M4-FUNG-0047,R003
AnaPS,(R)-benzodiazepinedione,synthesizes,M4-FUNG-0048,R001
AnaPT,benzodiazepinedione → aszonalenin,prenylates,M4-FUNG-0048,R002
AnaAT,aszonalenin → acetylaszonalenin,acetylates,M4-FUNG-0048,R003
APS1,apicidin cyclic tetrapeptide,assembles,M4-FUNG-0049,R001
APS3,L-pipecolic acid,supplies,M4-FUNG-0049,R002
APS2,APS cluster transcription,activates,M4-FUNG-0049,R003
extra-cluster FAS beta subunit,Aoda precursor biosynthesis,supports,M4-FUNG-0049,R004
aba1,Aureobasidin A biosynthesis complex,encodes,M4-FUNG-0050,R001
Aba1,aureobasidin A,assembles,M4-FUNG-0050,R002
precursor pool,aureobasidin congener output,modifies,M4-FUNG-0050,R003
BbBSLS,bassianolide,synthesizes,M4-FUNG-0051,R001
bassianolide,B. bassiana insect virulence,contributes_to,M4-FUNG-0051,R003
bbBsls deletion,beauvericin biosynthesis,does_not_affect,M4-FUNG-0051,R002
KIVR,D-Hiv,produces,M4-FUNG-0052,R001
BbBEAS,beauvericin,synthesizes,M4-FUNG-0052,R002
beauvericin,insect virulence,contributes_to,M4-FUNG-0052,R003
PcbAB,ACV,synthesizes,M4-FUNG-0053,R001
PcbAB,ACV,synthesizes,M4-FUNG-0067,R001
PcbC,ACV → IPN,cyclizes,M4-FUNG-0053,R002
PcbC,ACV → isopenicillin N,converts,M4-FUNG-0067,R002
CefP,IPN into peroxisome,imports,M4-FUNG-0053,R003
CefD1/CefD2,IPN → PenN,convert,M4-FUNG-0053,R004
CefM,PenN to cytosol,exports,M4-FUNG-0053,R005
PenN,late BGC0000318 pathway,feeds,M4-FUNG-0053,R006
M4-FUNG-0053 early programme,penicillin N,supplies,M4-FUNG-0054,R001
CefEF,PenN → DAOC → DAC,converts,M4-FUNG-0054,R002
CefG,DAC → cephalosporin C,acetylates,M4-FUNG-0054,R003
cefEF/cefG dosage,CPC production,can_increase,M4-FUNG-0054,R004
ctg1_orf10,chaetocin ETP scaffold,predicted core NRPS for,M4-FUNG-0055,R001
chaetocin locus,fungal ETP biosynthetic systems,belongs to broader family,M4-FUNG-0055,R002
SimA,cyclosporin peptide core,assembles,M4-FUNG-0056,R001
SimG/SimI/SimJ,Bmt precursor,supply/tailor,M4-FUNG-0056,R002
SimL,sim cluster and cyclosporin production,positively regulates,M4-FUNG-0056,R003
cyclosporin production,fungal competition and insect-associated fitness,improves,M4-FUNG-0056,R004
DtxS1,destruxin depsipeptide scaffold,assembles,M4-FUNG-0057,R001
DtxS3,hydroxyisocaproate precursor,supplies,M4-FUNG-0057,R002
DtxS4,beta-alanine precursor,supplies,M4-FUNG-0057,R003
DtxS2,upstream destruxins to downstream congeners,oxidatively converts,M4-FUNG-0057,R004
Hty module within continuous Ecd/Hty cluster,L-homotyrosine to echinocandin-B assembly,supplies,M4-FUNG-0058,R001
EcdI,linoleate onto EcdA,loads,M4-FUNG-0058,R002
EcdA,echinocandin B hexapeptide scaffold,assembles,M4-FUNG-0058,R003
Esyn1,2R-hydroxyisovalerate and valine into enniatin,incorporates,M4-FUNG-0059,R001
living grass host state,high EAS transcription,supports/enables,M4-FUNG-0060,R001
LpsB,lysergic-acid-derived intermediates toward ergovaline,acts downstream of,M4-FUNG-0060,R002
EAS locus,retrotransposon and DNA-transposon relics,is associated with,M4-FUNG-0060,R003
BrlA-controlled conidiation,fumiquinazoline pathway expression,enables,M4-FUNG-0061,R001
FmqD secretion to cell wall,conidia-enriched FQC accumulation,directs,M4-FUNG-0061,R002
FQC,FQD,rearranges nonenzymatically to,M4-FUNG-0061,R003
HcpA adenylation domains,Phe/Tyr/Trp and Val/Ile alternative substrates,accept,M4-FUNG-0062,R001
HcpA deletion,loss of tetrapeptide family and smoother colony surface,causes,M4-FUNG-0062,R002
GliZ,gli cluster transcription and gliotoxin output,positively regulates,M4-FUNG-0063,R001
GliP,gliotoxin diketopiperazine scaffold,assembles,M4-FUNG-0063,R002
GliT,dithiol gliotoxin to epidisulfide gliotoxin,oxidizes,M4-FUNG-0063,R003
GliA,gliotoxin,exports,M4-FUNG-0063,R004
HTS1,HC-toxin cyclic tetrapeptide core,assembles,M4-FUNG-0064,R001
TOXC and TOXF,Aeo precursor branch required for HC-toxin,support,M4-FUNG-0064,R002
TOXE,multiple TOX2 genes but not HTS1,positively regulates,M4-FUNG-0064,R003
HC-toxin,maize histone deacetylases,inhibits,M4-FUNG-0064,R004
TOX2 chromosome integrity,toxin output and virulence,influences,M4-FUNG-0064,R005
HasD,Trp/Ala-derived HAS scaffold,builds,M4-FUNG-0065,R001
HasA,hasB–hasH,positively regulates,M4-FUNG-0065,R002
HAS overproduction,fungal iron homeostasis,perturbs,M4-FUNG-0065,R003
HAS overproduction,virulence in tested mouse model,increases,M4-FUNG-0065,R004
BGC0000404,BGC0000405 three-gene penicillin pathway,overlaps biologically with,M4-FUNG-0066,R001
industrial strain improvement,penicillin-region copy number,increases,M4-FUNG-0066,R002
peroxisomal competence,final penicillin acylation/output,supports,M4-FUNG-0066,R003
PenDE,isopenicillin N → penicillin G/V,acylates,M4-FUNG-0067,R003
BGC0000405,BGC0000404 industrial amplification unit,is catalytic core within/related to,M4-FUNG-0067,R004
RoqA,HTD,synthesizes,M4-FUNG-0068,R001
RoqD and RoqR,roquefortine C,form alternative-order branches converging on,M4-FUNG-0068,R002
RoqM→RoqO→RoqN,roquefortine C → glandicoline A → glandicoline B → meleagrine,converts,M4-FUNG-0068,R003
phenylacetic acid,roq transcription and metabolite production,represses,M4-FUNG-0068,R004
TdiD,L-tryptophan → indolepyruvate,converts,M4-FUNG-0069,R001
TdiA,two indolepyruvate-derived units,dimerizes/couples,M4-FUNG-0069,R002
TdiB,terrequinone scaffold,prenylates twice,M4-FUNG-0069,R003
TdiE,off-pathway monoprenylated product,suppresses/diverts away from,M4-FUNG-0069,R004
VlmA/VlmB,5-hydroxytetradecanoate precursor,supply,M4-FUNG-0070,R001
VlmS,verlamelin cyclic lipopeptide,assembles,M4-FUNG-0070,R002
primary fatty-acid metabolism,verlamelin BGC,feeds,M4-FUNG-0070,R003
UstR,ust cluster transcription,positively regulates,M4-FUNG-0071,R001
UstA,16 YAIG precursor motifs,contains,M4-FUNG-0071,R002
KexB,mature ustiloxin B production outside the BGC,processes/enables,M4-FUNG-0071,R003
UstY/UstQ-family enzymes,oxidative macrocycle maturation,perform,M4-FUNG-0071,R004
ATM1,early paspaline core,builds/supports,M4-FUNG-0072,R001
ATM2,late oxidation/prenylation toward aflatrem,performs,M4-FUNG-0072,R002
ATM1 + ATM2,aflatrem,jointly produce,M4-FUNG-0072,R004
BcBOT2,FPP to presilphiperfolan-8β-ol,cyclizes,M4-FUNG-0073,R001
BcBOT4,presilphiperfolan-8β-ol at C-4,hydroxylates,M4-FUNG-0073,R002
BcBOT3,probotryane intermediate at C-10,hydroxylates,M4-FUNG-0073,R003
BcBot6,botrydial biosynthetic programme,positively regulates,M4-FUNG-0073,R004
BcBOT perturbation,botcinic-acid/polyketide output in a strain-dependent manner,can increase,M4-FUNG-0073,R005
Ari1/Prx2,FPP to aristolochene,cyclizes,M4-FUNG-0074,R001
ORF6/Prx9,eremofortin B formation,acts before or during,M4-FUNG-0074,R002
ORF8/Prx11,late eremophilane intermediate toward eremofortin A,acetylates,M4-FUNG-0074,R003
prx pathway suppression,mycophenolic-acid production,increases,M4-FUNG-0074,R004
static culture,P. chrysogenum homologous PR-toxin cluster,permits expression/product formation from,M4-FUNG-0074,R005
PbcR,AN1592–AN1598 diterpene programme,activates,M4-FUNG-0075,R001
PbcB/AN1592,GGPP precursor,supplies,M4-FUNG-0075,R002
PbcA/AN1594,isopimarane diterpene scaffold,forms,M4-FUNG-0075,R003
modern Pbc pathway,dipleosmarane + six known isopimarane diterpenoids,produces,M4-FUNG-0075,R004
PbGGS,GGPP precursor for PbACS,supplies,M4-FUNG-0076,R001
PbACS,aphidicolan-16β-ol scaffold,forms,M4-FUNG-0076,R002
PbP450-1 + PbP450-2,aphidicolane scaffold to aphidicolin,oxidatively tailor,M4-FUNG-0076,R003
ER localization of PbP450-1,efficient aphidicolin pathway execution,enables,M4-FUNG-0076,R004
AusA cluster,DMOA-derived polyketide precursor module,supplies,M4-FUNG-0077,R001
AusN-containing cluster,prenylation/cyclization/tailoring to austinol and dehydroaustinol,completes,M4-FUNG-0077,R002
NfSS,sesterfisherol,produces,M4-FUNG-0323,R001
NfP450,sesterfisherol → sesterfisheric acid,oxidizes,M4-FUNG-0323,R002
FCK1,AMP/DMAPP-derived cytokinin pathway,initiates,M4-FUNG-0324,R001
Fusarium cytokinins,plant cytokinin signalling,mimic,M4-FUNG-0324,R002
PerA,peramine,produces,M4-FUNG-0325,R001
peramine,ryegrass–Epichloë symbiotum from insect herbivory,protects,M4-FUNG-0325,R002
SthB,betaenone-family precursor → bridged tricyclic scaffold,cyclizes,M4-FUNG-0326,R001
host infection,cluster transcriptional access,correlates_with,M4-FUNG-0326,R002
lna cluster,lnb cluster,partially_redundant_with,M4-FUNG-0327,R001
L-Tyr-derived imine intermediate,piperazine/morpholine/oxidized products,branches_to,M4-FUNG-0327,R002
CalA + CalK,decalin branch,produces,M4-FUNG-0328,R001
CalA + CalH,polyene branch,produces,M4-FUNG-0328,R002
CalD,decalin + polyene portions,couples,M4-FUNG-0328,R003
acurin PKS,acurin NRPS,collaborates_with,M4-FUNG-0329,R001
split PKS + NRPS architecture,fission of ancestral PKS–NRPS hybrid,evolutionarily_consistent_with,M4-FUNG-0329,R002
Ev460pks,two polyenoic β-ketolactones,produces,M4-FUNG-0330,R001
Ev460pks,asteltoxin,not_required_for,M4-FUNG-0330,R002
AnATPKS,amino-acid-derived α-pyrone scaffold,produces,M4-FUNG-0331,R001
AnATPKS,amino-acid-derived α-pyrone scaffold,assembles,M4-FUNG-0434,R001
AnOMT,pyrophen pathway intermediates,methylates,M4-FUNG-0331,R002
AnOMT,pyrophen pathway intermediates,methylates,M4-FUNG-0434,R002
FGM4,fg3_54 transcriptional programme,activates,M4-FUNG-0332,R001
NRPS9,NRPS5 seven-module elongation,initiates,M4-FUNG-0332,R002
fusaoctaxin A,wheat cell-to-cell invasion,promotes,M4-FUNG-0332,R003
AfumA,squalene epoxide to hopane scaffold,cyclizes,M4-FUNG-0333,R001
AfumB,hopane intermediate,oxidatively tailors,M4-FUNG-0333,R002
AfumC,fumihopaside precursor,glycosylates,M4-FUNG-0333,R003
fumihopaside A,heat/UV stress tolerance,supports,M4-FUNG-0333,R004
BGC0002267 / cluster B,physically separate cluster A,collaborates_with,M4-FUNG-0426,R001
ATEG_07659 + ATEG_07661,preasperpyranone branch,construct_branch_precursor_for,M4-FUNG-0426,R002
three transcription factors,two-cluster azasperpyranone programme,coordinate_expression_of,M4-FUNG-0426,R003
PfpA,initial hybrid PKS-NRPS 2-pyridone precursor,assembles,M4-FUNG-0427,R001
PfpB,PfpA-derived pyridone intermediate,ring_expands,M4-FUNG-0427,R002
PfpC,ortho-quinone-methide intermediate,reduces_then_enables_dehydration_to,M4-FUNG-0427,R003
ortho-quinone-methide intermediate,"citridone A, tersone D and related scaffolds",branches_nonenzymatically_and_enzymatically_to,M4-FUNG-0427,R004
late pfp P450 activity,citridone B/B' quaternary-carbon scaffold,epoxidizes_and_rearranges_toward,M4-FUNG-0427,R005
PfpD; PfpE,additional cytochrome P450 tailoring enzymes,annotated_as,M4-FUNG-0427,R006
PfpF,MFS transporter,annotated_as,M4-FUNG-0427,R007
PfpG,transcription factor,annotated_as,M4-FUNG-0427,R008
mca17 regulator overexpression,MCA17-1 production,activates,M4-FUNG-0428,R001
hybrid PKS-NRPS core,MCA17-1 scaffold,proposed_to_build,M4-FUNG-0428,R002
SwnA/SwnR and unclustered routes,pipecolic acid,supply,M4-FUNG-0429,R001
SwnK,pipecolate into indolizidine intermediates,converts,M4-FUNG-0429,R002
SwnH1/SwnH2,late intermediates toward swainsonine,oxidize,M4-FUNG-0429,R003
atqA,asterriquinone CT5 production,required_for,M4-FUNG-0430,R001
anaPS,asterrelenin / epi-aszonalenin A family production,required_for,M4-FUNG-0431,R001
BtyA,butyrolactone I / III family production,required_for,M4-FUNG-0432,R001
BtyA adenylation domain,4-hydroxyphenylpyruvate,predicted_to_accept,M4-FUNG-0432,R002
ApvA,aspulvinone H / B1 production,required_for,M4-FUNG-0433,R001
ApvA adenylation domain,4-hydroxyphenylpyruvate,predicted_to_accept,M4-FUNG-0433,R002
phenylalanine analogue feeding,substituted pyrophen analogue output,redirects,M4-FUNG-0434,R003
ATRR,glycine betaine → glycine betaine aldehyde → choline,reduces,M4-FUNG-0435,R001
choline supplementation,Δatrr betaine-challenge growth phenotype,rescues,M4-FUNG-0435,R002
GreA,2 × 4-hydroxyphenylpyruvate → atromentin,condenses,M4-FUNG-0436,R001
GreA adenylation domain,4-hydroxyphenylpyruvate; phenylpyruvate,accepts,M4-FUNG-0436,R002
PbhdaA deletion,brs transcription and brasiliamide I production,derepresses,M4-FUNG-0437,R001
BrsA,L-phenylalanine-derived piperazine scaffold,selects_and_assembles,M4-FUNG-0437,R002
BrsJ,piperazine ring toward brasiliamide A,cleaves,M4-FUNG-0437,R003
brsH / brsD deletion,brasiliamide congener profile,alters,M4-FUNG-0437,R004
Omp6 enzyme,FPP → δ-6 protoilludene,cyclizes,M4-FUNG-0438,R001
Omp6 enzyme,FPP → δ-6 protoilludene,cyclizes,M4-FUNG-0439,R001
Omp7 enzyme,FPP → δ-6 protoilludene,cyclizes,M4-FUNG-0438,R002
Omp7 enzyme,FPP → δ-6 protoilludene,cyclizes,M4-FUNG-0439,R002
Omp6/Omp7 loci,duplicated protoilludene-synthase programme with distinct neighboring tailoring repertoires,show,M4-FUNG-0438,R003
Omp6/Omp7 loci,duplicated protoilludene-synthase programme with distinct neighboring tailoring repertoires,show,M4-FUNG-0439,R003
SmbA + SmbB,early tetramic/pyridone scaffold,assemble,M4-FUNG-0440,R001
SmbE,C11 hydroxylation → tetrahydropyran ring formation,enables,M4-FUNG-0440,R002
SmbF,phenylalanine-derived side chain at para position,hydroxylates,M4-FUNG-0440,R003
SmbG,N-demethylsambutoxin → sambutoxin,N-methylates,M4-FUNG-0440,R004
bisA-bisK programme,biscognienyne/eutypinic-acid pathway outputs,produces,M4-FUNG-0441,R001
BisI,prenyl chains,alkynylates,M4-FUNG-0441,R002
BisI,C5 and C15 prenyl-chain substrates,accepts,M4-FUNG-0441,R003
precursor feeding,bis pathway intermediate and branch products,redirects/reveals,M4-FUNG-0441,R004
AshP,γ-naphthopyrone coupling substrate,produces,M4-FUNG-0442,R001
AshL,γ-naphthopyrones → axially chiral dimer,oxidatively_couples,M4-FUNG-0442,R002
laccase identity/reaction conditions,M/P atropisomeric outcome,control,M4-FUNG-0442,R003
PvhA + PvhC,reactive acyclic precursor 3,produce,M4-FUNG-0443,R001
PvhE,3 → carboxylated 6,deactivates,M4-FUNG-0443,R002
PvhD,6 → 7,methylates,M4-FUNG-0443,R003
PvhB,6/7 → cis-decalin varicidin products,cyclizes,M4-FUNG-0443,R004
Pc20g10860,GGPP → deoxyconidiogenol,cyclizes,M4-FUNG-0444,R001
Pc20g10870,deoxyconidiogenol → conidiogenone,oxidizes,M4-FUNG-0444,R002
conidiogenone,conidiation in P. cyclopium,historically_induces,M4-FUNG-0444,R003
Snf2 activity,PUL1-PUL3,supports transcription of,M4-FUNG-0445,R001
snf2 loss-of-function,cyclo(Leu-Leu) / pulcherriminic acid metabolite set,abolishes detectable,M4-FUNG-0445,R002
pulcherriminic acid,pulcherrimin pigment,chelates Fe(III) to form,M4-FUNG-0445,R003
SNF2 complementation,pigmentation and strong antifungal phenotype,restores,M4-FUNG-0445,R004
MelA,4-hydroxyphenylpyruvate → aspulvinone E,converts,M4-FUNG-0446,R001
TyrP,aspulvinone E → reactive oxidized species,oxidatively_activates,M4-FUNG-0446,R002
reactive TyrP products,Asp-melanin,spontaneously_polymerize_into,M4-FUNG-0446,R003
Asp-melanin,UV stress,protects_against,M4-FUNG-0446,R004
Asp-melanin,soil-amoeba phagocytosis,reduces,M4-FUNG-0446,R005
ctdQ,21R-citrinadin A biosynthesis,required_for,M4-FUNG-0447,R001
CtdU,citrinadin intermediate at C7,prenylates,M4-FUNG-0447,R002
CtdE,bicyclo[2.2.2]diazaoctane PIA intermediates → 3S-spirooxindoles,spirocyclizes,M4-FUNG-0447,R003
aetokthonotoxin,"cyanobacterial BGC0002643, not fungal BGC0002368",belongs_to,M4-FUNG-0447,R004
Cladosporium sp. SW67,cladosporiumins I/J,produces,M4-FUNG-0448,R001
clsI + clsK,tetramic-acid metabolite biosynthesis,putatively_contribute_to,M4-FUNG-0448,R002
SubA/SubC/SubD plus conserved SubB/SubE classes,common DDP intermediate 4,assemble,M4-FUNG-0449,R001
SubF/DpmaF,common DDP intermediate → subglutinols A/B,oxidatively_tailors,M4-FUNG-0449,R002
subglutinol A,Drosophila DL-1 cell growth,inhibits,M4-FUNG-0449,R003
subglutinol A injection,acute adult-Drosophila paralysis/unmoving phenotype,causes,M4-FUNG-0449,R004
dpfgA-E,common decalin-containing diterpenoid-pyrone core,build,M4-FUNG-0450,R001
dpfgA-E,common decalin-containing diterpenoid-pyrone intermediate,build,M4-FUNG-0594,R003
dpfgG/dpfgH,C8 stereochemistry by sequential oxidation/reduction,invert,M4-FUNG-0450,R002
dpfgI/dpfgJ/dpfgK,late FDDP intermediates → FDDP-D/E,tailor,M4-FUNG-0450,R003
C16 PKS/terpene-synthase integrity,native FDDP-D/E production,is_required_for,M4-FUNG-0450,R004
dpchA-E core,common decalin-containing diterpenoid-pyrone intermediate,builds,M4-FUNG-0451,R001
DpchG/DpchH,C8 stereochemistry,invert,M4-FUNG-0451,R002
DpchF,late dpch intermediate → higginsianin A,converts,M4-FUNG-0451,R003
higginsianin B,JAZ degradation / JA-Ile signalling,inhibits,M4-FUNG-0451,R005
P. chartarum spores,sporidesmin-family toxins,contain,M4-FUNG-0452,R001
sporidesmin A exposure,facial eczema/pithomycotoxicosis in grazing ruminants,causes,M4-FUNG-0452,R002
Spd candidate locus,characterized fungal ETP biosynthetic clusters,is_homologous_to,M4-FUNG-0452,R003
Pro1,FPP → 6-protoilludene,cyclizes,M4-FUNG-0453,R001
CYP-Arm3,6-protoilludene → 8α-hydroxy-6-protoilludene,8α-hydroxylates,M4-FUNG-0453,R002
CYP-Arm2,6-protoilludene → unresolved polar product,weakly transforms,M4-FUNG-0453,R003
complete armillyl-orsellinate programme,BGC0002445 five-gene early module,extends beyond,M4-FUNG-0453,R004
BsPS/Ssk6,preterpestacin I scaffold,synthesizes,M4-FUNG-0454,R001
ssk6 deletion,native preterpestacin-derived metabolite programme,disrupts,M4-FUNG-0454,R002
ssk4 glycosyltransferase candidate,glycosylated terpestacin branch,is associated with,M4-FUNG-0454,R003
selected downstream congeners,LPS-induced NO production in RAW264.7 cells,inhibit,M4-FUNG-0454,R004
MPAS/CuPKS1,methylphloracetophenone precursor,is_proposed_to_synthesize,M4-FUNG-0455,R001
MPAO,methylphloracetophenone toward usnic acid,is_proposed_to_oxidatively_dimerize,M4-FUNG-0455,R002
intact lichen state,mpas/mpao transcription and usnic-acid detection,co-occurs_with,M4-FUNG-0455,R003
pen cluster,"α,β-polysulfide ETP family",is_candidate_source_of,M4-FUNG-0456,R001
PenP,Phe-derived diketopiperazine scaffold,is_proposed_to_assemble,M4-FUNG-0456,R002
isolated ETP congeners,adametizine/penigainamide/FA2097-related states,interconvert_nonenzymatically,M4-FUNG-0456,R003
adametizine A,selective cytotoxicity and mild antiaging activity,shows,M4-FUNG-0456,R004
G9 FUM-cluster haplotype,fumonisin-producing progeny,segregates_with,M4-FUNG-0457,R001
FUM21,FUM6/FUM8/FUM10 transcription,positively_regulates,M4-FUNG-0457,R002
FUM21 defect + FUM7-region defect,G1 fumonisin nonproduction,jointly_cause,M4-FUNG-0457,R003
FUM cluster,fumonisin B1/B2/B3,produces,M4-FUNG-0457,R004
XenE + XenG,tyrosine-nonaketide skeleton,assemble,M4-FUNG-0458,R001
XenA,skeleton → pyrrolidinone intermediate,dehydrates,M4-FUNG-0458,R002
XenF,precursor → cyclohexane intermediate,rearranges,M4-FUNG-0458,R003
XenD,XenF product → XenC substrate,oxidizes,M4-FUNG-0458,R004
XenC,para-cyclophane ether preceding spontaneous Diels-Alder closure,forms,M4-FUNG-0458,R005
SpoP/SpoM pathway arm,methylated naphthalene coupling precursor,forms,M4-FUNG-0459,R001
SpoL + SpoF,naphthalene precursor → sporandol,selectively_couple,M4-FUNG-0459,R002
purple C. macilenta chemotype,brq1–brq6 and biruloquinone-producing phenotype,coexpresses_with,M4-FUNG-0460,R001
brq5 / PKS21,biruloquinone polyketide precursor,candidate_assembles,M4-FUNG-0460,R002
brq3 / brq4,methylation and oxidation steps in proposed biruloquinone biosynthesis,predicted_tailor,M4-FUNG-0460,R003
brq2,biruloquinone or a pathway metabolite,may_export,M4-FUNG-0460,R004
Stl-TS,"DMAPP + IPP → stellata-2,6,19-triene",synthesizes,M4-FUNG-0491,R001
Stl-P450,"stellata-2,6,19-triene → stellatic acid",oxidizes,M4-FUNG-0491,R002
A. mulundensis Y-30462,mulundocandin,produces,M4-FUNG-0492,R001
BGC0002611 / KP742486.1,mulundocandin biosynthesis,is associated with,M4-FUNG-0492,R002
htyA-htyD,homotyrosine precursor biosynthesis,support,M4-FUNG-0492,R003
AKJ70942.1 NRPS,echinocandin lipohexapeptide assembly,supports,M4-FUNG-0492,R004
AndM,"3,5-dimethylorsellinic acid",synthesizes,M4-FUNG-0493,R001
AndD,DMOA-derived aromatic precursor with farnesyl group,prenylates,M4-FUNG-0493,R002
AndA,andiconin bicyclo[2.2.2]octane core,reconstructs skeleton to,M4-FUNG-0493,R003
AndF,anditomin,oxidatively rearranges late intermediate to,M4-FUNG-0493,R004
historical Diels-Alder model,AndA enzyme-mediated skeletal reconstruction,is superseded by,M4-FUNG-0493,R005
esdpA,pyrone polyketide precursor,builds,M4-FUNG-0494,R001
esdpD,GGPP diterpene precursor,supplies,M4-FUNG-0494,R002
esdpC,polyketide and diterpene branches,links,M4-FUNG-0494,R003
esdpE,diterpenyl side chain before cyclization,epoxidizes,M4-FUNG-0494,R004
esdpB,DDP terpene moiety,cyclizes,M4-FUNG-0494,R005
engineered esdp/tailoring combinations,expanded DDP chemical space,generate,M4-FUNG-0494,R006
P. roridum NRRL 2183,halovirs I–K,produces,M4-FUNG-0502,R001
PrHalA-containing candidate locus,halovir I–K biosynthesis,putatively_encodes,M4-FUNG-0502,R002
SdxC + SdxD + SdxA,ketone 12,heterologously_generate,M4-FUNG-0503,R001
SDR-mediated reduction of ketone 12,spontaneous o-QM/cation cyclization to M/P-deoxyakanthomycin,precedes,M4-FUNG-0503,R002
SdxB,N-hydroxylation toward akanthomycin,putatively_catalyzes,M4-FUNG-0503,R003
Xylaria sp. 218_066,xylaroamide A,produces,M4-FUNG-0504,R001
candidate Xyl NRPS locus,xylaroamide A biosynthesis,putatively_encodes,M4-FUNG-0504,R002
FfnC,phosphonoacetaldehyde -> 2-hydroxyethylphosphonic acid,catalyzes,M4-FUNG-0505,R001
FfnD,2-hydroxyethylphosphonic acid -> (S)-epoxyethylphosphonic acid,catalyzes,M4-FUNG-0505,R002
FfnABCD conserved module,early fosfonochlorin phosphonate biosynthesis,supports,M4-FUNG-0505,R003
Copu5,FPP -> (+)-δ-cadinol,catalyzes,M4-FUNG-0506,R001
MEP-pathway optimization,heterologous (+)-δ-cadinol production,increases,M4-FUNG-0506,R002
MEP-pathway optimization,heterologous (+)-δ-cadinol production,increases,M4-FUNG-0507,R002
Copu9,FPP -> (+)-δ-cadinol,catalyzes,M4-FUNG-0507,R001
CONPUDRAFT_118913,Copu9 structure 7OFL,is_identical_to,M4-FUNG-0507,R003
PKS12,YWA1,produces,M4-FUNG-0508,R001
AurR1/GIP2,aurofusarin cluster expression,positively_regulates,M4-FUNG-0508,R002
AurT,rubrofusarin,supports_export_of,M4-FUNG-0508,R003
iron deficiency,mrsidA/mrsidD expression and siderophore production,induces,M4-FUNG-0509,R001
mrsidA,metachelins and dimerumic acids,required_for,M4-FUNG-0509,R002
mrsidD,both coprogen and dimerumic-acid branches,required_for,M4-FUNG-0509,R003
B. sorokiniana 11134,chlorinated chromones/xanthones,produces,M4-FUNG-0510,R001
candidate halogenase-associated locus,BGC0002726 product family,putatively_encodes,M4-FUNG-0510,R002
iliA+B+C+D,ilicicolin H and ilicicolin J,sufficient_for,M4-FUNG-0511,R001
AneC,"dauca-4,7-diene",produces,M4-FUNG-0512,R001
AneF,"dauca-4,7-diene C-12 → asperaculane D",oxidizes,M4-FUNG-0512,R002
AneD,asperaculane D at C-10 → asperaculane E,hydroxylates,M4-FUNG-0512,R003
AneG,asperaculane E → aculene D via C-2 oxidation/decarboxylation,converts,M4-FUNG-0512,R004
AneB + AneE,L-proline-derived moiety to aculene D/C → B/A,adds,M4-FUNG-0512,R005
srdA+C+D+E,salicylic alcohol intermediate 2,sufficient_for,M4-FUNG-0513,R001
SrdI,alcohol 2 → aldehyde 3,converts,M4-FUNG-0513,R002
full srd cluster,sordarial,produces_in_heterologous_host,M4-FUNG-0513,R003
native N. crassa OR74A,sordarial UNCERTAIN / unobserved in defining study,production_status,M4-FUNG-0513,R004
P. brasilianum HBU-136,spirotryprostatin G and cyclotryprostatins,produces,M4-FUNG-0514,R001
candidate ctp locus,indole-diketopiperazine product family,putatively_encodes,M4-FUNG-0514,R002
rice + 1.0% MgCl2,eight HBU-136 IDKPs,supports_recovery_of,M4-FUNG-0514,R003
A. nanangensis MST-FP2251,nanangenines,produces,M4-FUNG-0515,R001
putative nan cluster,nanangenine biosynthesis,putatively_encodes,M4-FUNG-0515,R002
FE257_006542,drimane precursor chemistry,proposed_to_form,M4-FUNG-0515,R003
ATEG_03629,5-methylorsellinic acid,produces,M4-FUNG-0516,R001
ATEG_03630,"5-methylorsellinic acid → 2,4-dihydroxy-5,6-dimethylbenzaldehyde",converts,M4-FUNG-0516,R002
ATEG_03629 + ATEG_03630,two-step aryl-aldehyde module in yeast,sufficient_for,M4-FUNG-0516,R003
AtAS,preaspterpenacid I,produces,M4-FUNG-0517,R001
AtP450,preaspterpenacid I at C22,oxidizes,M4-FUNG-0517,R002
native A. terreus NIH2624,UNCERTAIN in defining study,production_status,M4-FUNG-0517,R003
verA,verrucosidin production,required_for,M4-FUNG-0518,R001
ΔverA,verrucosidin in culture and apples,abolishes,M4-FUNG-0518,R002
cl3A deletion,verrucosidin production,does_not_affect,M4-FUNG-0518,R003
NRRL995 dov cluster,X6 ver cluster,homologous_to,M4-FUNG-0518,R004
ver cluster genotype,P. polonicum strains IBT4502/X6 and hy4,varies_between,M4-FUNG-0518,R005
D. bispora CBS 962.96,dendrothelin A-related peptides,produces,M4-FUNG-0519,R001
DbiMA1,its C-terminal borosin core peptide,methylates,M4-FUNG-0519,R002
OphMA_DbiCORE + OphP,dendrothelin A,produces_in_Pichia,M4-FUNG-0519,R003
dendrothelin A,M. incognita,is_nematotoxic_to,M4-FUNG-0519,R005
DbiP,native DbiMA1 core,putatively_processes,M4-FUNG-0519,R004
L. edodes,lentinulin A-related peptides,produces,M4-FUNG-0520,R001
LedMA,lentinulin core precursor,methylates,M4-FUNG-0520,R002
LedP,tested borosin precursors/hybrids,processes_and_macrocyclizes,M4-FUNG-0520,R003
OphMA_LedCORE + OphP/LedP,lentinulin A,produces_in_Pichia,M4-FUNG-0520,R004
lentinulin A,M. incognita,is_nematotoxic_to,M4-FUNG-0520,R005
AcdD,3-hydroxy-L-kynurenine,supplies,M4-FUNG-0521,R001
AcdB,3-hydroxy-L-kynurenine,incorporates,M4-FUNG-0521,R002
AcdB,one malonyl-CoA unit,extends_with,M4-FUNG-0521,R003
AcdB,aspcandine tricyclic scaffold,produces,M4-FUNG-0521,R004
BDW47DRAFT_120077,aspcandine/pathway metabolite,putatively_transports,M4-FUNG-0521,R005
DbaI,DHMBA,produces,M4-FUNG-0522,R001
DbaH,DHMBA-derived azanidulone/tropolone branch,oxidizes_enables,M4-FUNG-0522,R002
TroA,tropolone-ring branch,enables,M4-FUNG-0522,R003
sepedonin,anhydrosepedonin,spontaneously_dehydrates_to,M4-FUNG-0522,R004
DbaB,antibiotic C,required_for,M4-FUNG-0522,R005
S. mobaraensis glycopeptide signal,DbaA-dependent dba/troA transcription,activates,M4-FUNG-0522,R006
BrvA,polyketide-derived pyrone precursor,builds,M4-FUNG-0523,R001
BrvB + BrvC,geranylgeranyl-derived terpene unit,install,M4-FUNG-0523,R002
BrvF,epoxidized prenylated scaffold,cyclizes,M4-FUNG-0523,R003
BrvJ,brevione-B-derived branch substrate,skeletally_rearranges,M4-FUNG-0523,R004
BrvL,brevione E,late_tailors,M4-FUNG-0523,R005
CTC1,orsellinic acid,produces,M4-FUNG-0524,R001
CTC4,orsellinic-acid-derived scaffold,prenylates,M4-FUNG-0524,R002
CTC2,colletochlorin branch,halogenates,M4-FUNG-0524,R003
ΔcclA,native colletorin/colletochlorin chemistry,derepresses,M4-FUNG-0524,R004
extra CTC4 expression,downstream colletochlorin-family production in yeast,rescues,M4-FUNG-0524,R005
spyA,triacetic acid lactone,produces,M4-FUNG-0525,R001
spyF,TAL with GGPP to geranylgeranyl-triacetate lactone,prenylates,M4-FUNG-0525,R002
spyC,geranylgeranyl-triacetate lactone terminal olefin,epoxidizes,M4-FUNG-0525,R003
spyD,epoxygeranylgeranyl-triacetate lactone to sartorypyrones F and D,cyclizes,M4-FUNG-0525,R004
spyB,sartorypyrones D/F to sartorypyrones A/G,acetylates,M4-FUNG-0525,R005
spyE,GGPP for the diterpenoid branch,supplies,M4-FUNG-0525,R006
Ma_OvaA,"octanoyl-, 2-octenoyl-, hexanoyl- and 2-hexenoyl starter units",generates,M4-FUNG-0526,R001
Ma_OvaB,starter units to ACP-bound resorcylyl thioesters,extends/cyclizes,M4-FUNG-0526,R002
Ma_OvaC,resorcylyl thioesters to olivetolic acid and analogs,hydrolyzes,M4-FUNG-0526,R003
DrcA,"CJ-20,557",produces,M4-FUNG-0527,R001
DrcA SAT domain,depside ester bond,forms,M4-FUNG-0527,R002
DrcB,"CJ-20,557 to duricamidepside",converts,M4-FUNG-0527,R003
LtbA,luteodiene A / gem-dimethylated polyketide chain,produces,M4-FUNG-0528,R001
LtbA cAT domain,polyketide chain using glucinol to form luteodienoside A,offloads,M4-FUNG-0528,R002
LtbB,glucinol-dependent luteodienoside A production,supports,M4-FUNG-0528,R003
A. nidulans host enzymes,luteodienoside A to luteodiene A and luteodienoside B,convert,M4-FUNG-0528,R004
PbpsA,"3,6-dialkyl-α-pyrone",produces in heterologous host,M4-FUNG-0529,R001
EstB1,indole-diterpene precursor to emindole SA architecture,cyclizes,M4-FUNG-0530,R001
MollD,depsidone ether and C-3 hydroxylated intermediates,forms/oxidizes,M4-FUNG-0531,R001
MollC,depsidone intermediate,decarboxylates,M4-FUNG-0531,R002
MollF,aromatic depsidone precursor to mollicellin Z,prenylates,M4-FUNG-0531,R003
sclA,sclerotiorin-like azaphilone production,required for,M4-FUNG-0532,R001
sclI,sclerotiorin-like azaphilone production,required for,M4-FUNG-0532,R002
Clz14+Clz17+Clz11,L-731.120,produce,M4-FUNG-0533,R001
Clz2,squalestatin tetraketide side-chain precursor,produces,M4-FUNG-0533,R002
Clz6,tricarboxylic core with tetraketide side chain,acylates,M4-FUNG-0533,R003
fructose/glucose condition,cristazarin production and crz1-crz9 induction,correlates with,M4-FUNG-0534,R001
crz7 / PKS22,cristazarin pathway,candidate initiator for,M4-FUNG-0534,R002
DesB,indole-diterpene precursor to emindole DA/DB architecture,cyclizes,M4-FUNG-0535,R001
DesM,PaxM methyltransferase role in heterologous pathway,functionally substitutes for,M4-FUNG-0535,R002
MilA / CCM_09346,highly reducing polyketide synthase in the cordypyrone module,functions as,M4-FUNG-0536,R001
MilB / CCM_09345,trans-acting enoyl reductase in the cordypyrone module,functions as,M4-FUNG-0536,R002
three-gene module,cordypyrone A and cordypyrone B,produces in A. nidulans,M4-FUNG-0536,R003
PKS21/six-gene locus,biruloquinone-producing chemotype,correlates with,M4-FUNG-0537,R001
SidC,ferricrocin,synthesizes,M4-FUNG-0538,R001
SidC A3,L-AHO onto downstream T domains,loads,M4-FUNG-0538,R002
SidC C3,three-residue peptidyl intermediate,selects,M4-FUNG-0538,R003
AtnH+AtnG,hexaketide arthripenoid core,construct,M4-FUNG-0540,R001
AtnF,decarboxylated aromatic polyketide,farnesylates,M4-FUNG-0540,R002
AtnI,bis-epoxidized meroterpenoid precursor,cyclizes,M4-FUNG-0540,R003
arthripenoid B-derived oxidized intermediate,arthripenoids A/C/D/E/F,diversifies spontaneously/chemically to,M4-FUNG-0540,R004
AncC,FPP to (+)-albicanol,converts,M4-FUNG-0542,R001
AncA,FPP to (R)-trans-gamma-monocyclofarnesol,converts,M4-FUNG-0542,R002
FnsA,naringenin from p-coumaric acid + malonyl-CoA,synthesizes,M4-FUNG-0543,R001
FnsA A domain,p-coumaric acid and p-hydroxybenzoic acid,activates,M4-FUNG-0543,R002
AstE/A/G,5'-farnesyl-DHMP early meroterpenoid,build,M4-FUNG-0544,R001
AstI,13-deacetoxyaustalide I at C-6,hydroxylates,M4-FUNG-0544,R002
AstB,13-O-deacetylaustalide I to hemiacetal precursor,hydroxylates,M4-FUNG-0544,R003
AstL,hemiacetal to form austalide-B orthoester,methylates,M4-FUNG-0544,R004
AstK,austalide B to austalide F,hydroxylates,M4-FUNG-0544,R005
SesE+SesM+SesB,prelecanindole,produce,M4-FUNG-0545,R001
SES cluster,TER-cluster-derived indole-diterpene substrates,tailors,M4-FUNG-0545,R002
SES/TER crosstalk,indole-terpenoid congener diversity,expands,M4-FUNG-0545,R003
PKS16-centered cluster,gyrophoric-acid-producing Umbilicaria species,associates with,M4-FUNG-0546,R001
candidate GA cluster family,gyrophoric/umbilicaric/hiascic acid profiles,co-varies with,M4-FUNG-0546,R002
opd cluster,Oxopyrrolidines A/B,produces,M4-FUNG-0557,R001
OpdC,OpdA reductive chain assembly,supports,M4-FUNG-0557,R002
PscyA,N-methylated amino-acid substrates,provides,M4-FUNG-0558,R001
PscyB,cycloaspeptides A/E,assembles,M4-FUNG-0558,R002
VdoD,cyclopenin to cyclopenol,converts,M4-FUNG-0559,R001
cyclopenol,viridicatol,rearranges to,M4-FUNG-0559,R002
candidate ilicicolin BGC,ilicicolinal/ilicicolinic acid A production,associates with,M4-FUNG-0560,R001
annullatin BGC,annullatin family,produces,M4-FUNG-0561,R001
Rsf1,rasfonin biosynthesis,is required for,M4-FUNG-0562,R001
eup2 cluster,Eupenifeldin family,supports biosynthesis of,M4-FUNG-0563,R001
dep physical cluster,terminal nornidulin halogenation,requires remote enzyme for,M4-FUNG-0564,R001
MacC,tetramic-acid beta carbon,hydroxylates,M4-FUNG-0565,R001
candidate azaphilone BGC,sclerotiorin/isochromophilone production,associates with,M4-FUNG-0566,R001
crmA,fumicicolin A/B production,required_for,M4-FUNG-0567,R001
copper starvation,CrmA-dependent metabolite programme,induces,M4-FUNG-0567,R002
valine isocyanide,fumicicolin and fumivaline branches,feeds,M4-FUNG-0567,R003
TraH,crustosic acid toward olefinic intermediate,converts,M4-FUNG-0568,R001
TraD,TraH-derived intermediate to terrestric acid,reduces,M4-FUNG-0568,R002
terrestric-acid BGC,terrestric acid,produces,M4-FUNG-0568,R003
soppiline BGC,soppilines A-C,produces_in_heterologous_host,M4-FUNG-0569,R001
HR-PKS,polyunsaturated alkyl chain,supplies,M4-FUNG-0569,R002
type III PKS,alkylresorcinol-forming release/cyclization,mediates,M4-FUNG-0569,R003
GdlS,FPP to germacradienol,cyclizes,M4-FUNG-0570,R001
Mg2+,GdlS catalytic activity,required_for,M4-FUNG-0570,R002
native A. ustus tested conditions,detectable germacradienol/geosmin production,fails_to_show,M4-FUNG-0570,R003
SatA,FPP to sativene,cyclizes,M4-FUNG-0571,R001
SatB,sativene-derived skeleton,oxidizes_and_cleaves,M4-FUNG-0571,R002
SatC,aldehyde intermediate to prehelminthosporol,converts,M4-FUNG-0571,R003
Hda1,BEA cluster output,represses,M4-FUNG-0572,R001
Kmt6/H3K27 state,BEA chromatin accessibility/output,represses,M4-FUNG-0572,R002
BEA3,beauvericin production,negatively_modulates,M4-FUNG-0572,R003
BEA1,beauvericin,biosynthesizes,M4-FUNG-0572,R004
LB + 2% fructose,MpbA expression and malpibaldin production,induces_association,M4-FUNG-0573,R001
LB + 2% fructose,MpcA expression and malpicyclin production,induces_association,M4-FUNG-0575,R001
MpbA,malpibaldin A-C biosynthesis,associated_with,M4-FUNG-0573,R002
MpbA A domains,module-specific amino acid substrates,select,M4-FUNG-0573,R003
TndC,talarodiene from GGPP,produces,M4-FUNG-0574,R001
TndC,prenyltransferase and diterpene-cyclase functions,contains,M4-FUNG-0574,R003
talarodiene,talaronoid C,precursor_of,M4-FUNG-0574,R002
MpcA,malpicyclin A-F biosynthesis,associated_with,M4-FUNG-0575,R002
malpicyclins A-D,tested Gram-positive bacteria,inhibit,M4-FUNG-0575,R003
MpcA A domains,module-specific amino acid substrates,select,M4-FUNG-0575,R004
NRPS4 overexpression,fusahexin production,activates,M4-FUNG-0576,R001
NRPS4,fusahexin,biosynthesizes,M4-FUNG-0576,R002
fusahexin,Pro-Thr oxazine ether bridge,contains,M4-FUNG-0576,R004
NRPS4 terminal module,two leucine incorporations,proposed_to_iterate_for,M4-FUNG-0576,R003
EchPT1,cyclo-L-Trp-L-Ala to preechinulin,converts,M4-FUNG-0577,R001
EchPT2,preechinulin and dehydro congeners,consecutively_prenylates,M4-FUNG-0577,R002
EchP450,preechinulin at C10-C11,dehydrogenates,M4-FUNG-0577,R003
preechinulin,echinulin via EchPT2 or neoechinulin A branch via EchP450,branches_to,M4-FUNG-0577,R004
four-gene cluster,echinulin/neoechinulin A production in A. nidulans,reconstructs,M4-FUNG-0577,R005
UcdG,4-hydroxyphenylpyruvate from L-tyrosine,proposed_to_supply,M4-FUNG-0578,R001
UcdA,atromentin,forms,M4-FUNG-0578,R002
UcdB,atromentin-derived quinone,proposed_reductive_dehydration_of,M4-FUNG-0578,R003
UcdE,dihydroxyterphenyllin to usterphenyllin products,prenylates,M4-FUNG-0578,R004
usterphenyllins,uscandidusin dibenzofurans,spontaneously_convert_to,M4-FUNG-0578,R005
ortho-dihydroxyphenyl motif,UcdE,promotes_substrate_acceptance_by,M4-FUNG-0578,R006
pbo cluster,(-)-protubonine B,produces,M4-FUNG-0579,R001
bimodular NRPS,cyclo-L-Trp-L-Leu-derived scaffold,assembles,M4-FUNG-0579,R002
flavin-dependent oxygenase,indole-containing protubonine intermediate,hydroxylates_and_cyclizes,M4-FUNG-0579,R003
two acetyltransferases,protubonine intermediates toward final diacetylated product,tailor,M4-FUNG-0579,R004
PbaC,L-tryptophan to tryptamine,decarboxylates,M4-FUNG-0580,R001
PbaE,tryptamine,prenylates,M4-FUNG-0580,R002
PbaD,prenylated tryptamine intermediate with L-glutamate,condenses,M4-FUNG-0580,R003
PbaB,indole C2-C3 bond,oxidatively_cleaves,M4-FUNG-0580,R004
L-glutamic acid feeding,penindolenes A-D,facilitated_isolation_of,M4-FUNG-0580,R005
penindolenes A-D,antimicrobial and acetylcholinesterase-inhibitory activity,show,M4-FUNG-0580,R006
PhoE,phomoxanthone A,is_required_for_native_production_of,M4-FUNG-0581,R001
PhoCDEFGHK,chrysophanol,produce,M4-FUNG-0581,R002
PhoBJKLMNP,chrysophanol to penexanthone B,convert,M4-FUNG-0581,R003
PhoO,two penexanthone B units via C4-C4' bond,suggested_to_couple,M4-FUNG-0581,R004
MIBiG BGC0003093,retired — validation failed,has_status,M4-FUNG-0581,R005
ΔphoE,alternative monoterpene/polypropionate pathways,shunts_metabolic_flux_toward,M4-FUNG-0581,R006
prosJ,3-methylorsellinic-acid/depside biosynthesis,initiates,M4-FUNG-0582,R001
prosK/prosB/prosA/prosC/prosF,depside intermediates toward roseopurpurins C/D,tailor,M4-FUNG-0582,R002
prosG,human cyclin-dependent kinases,is_homolog_of,M4-FUNG-0582,R003
roseopurpurin C,CDK2 with ATP,competitively_inhibits,M4-FUNG-0582,R004
roseopurpurin C,G1 cell-cycle arrest in HCT116,induces,M4-FUNG-0582,R005
A. uvarum cluster-TF overexpression,late roseopurpurin product titers condition-dependently,increases,M4-FUNG-0582,R006
FmPKS8 / FMAN_15223,fusamarin biosynthesis,is_required_for,M4-FUNG-0583,R001
FmKmt1/H3K9 methylation,FmPKS8 cluster expression,modulates,M4-FUNG-0583,R002
6 mM NaNO3,FmPKS8/fusamarin production,induces,M4-FUNG-0583,R003
glutamine/high nitrate,FmPKS8 expression in F. mangiferae,represses,M4-FUNG-0583,R004
FMAN_15219/FMAN_15224 flanks,target fusamarin compounds,are_not_required_for,M4-FUNG-0583,R005
fusamarins,moderate cytotoxicity,show,M4-FUNG-0583,R006
pycPKS,tropolone polyketide branch,supplies,M4-FUNG-0584,R001
pycR6,humulene,synthesizes,M4-FUNG-0584,R002
pycR1,hetero-Diels-Alder coupling,catalyzes,M4-FUNG-0584,R003
StrA KR domain,beta-keto reduction and reductive polyketide chain release,catalyzes,M4-FUNG-0585,R001
StrC,aromatization of the salicylaldehyde scaffold,promotes,M4-FUNG-0585,R002
jmaza-like locus,multiformin azaphilone production,correlates_with,M4-FUNG-0586,R001
multiformins,J. multiformis stromata,are_recovered_from,M4-FUNG-0586,R002
OesA,orsellinyl group onto 3-hydroxypropanoic acid,synthesizes_and_transfers,M4-FUNG-0587,R001
OesA ACP1 and ACP2,product formation,contribute_complementarily_to,M4-FUNG-0587,R002
mfnPKS1/mfnPKS2,complementary tetraketide-derived building blocks,supply,M4-FUNG-0588,R001
mfnL3,pyrone pathway intermediates,acylates/assembles,M4-FUNG-0588,R002
mfn pathway,multiforisin H,produces,M4-FUNG-0588,R003
VrcA,GFPP to variecoladiene,cyclizes,M4-FUNG-0589,R001
VrcB,variecoladiene-derived intermediates to variecolin/variecolactone,oxidizes,M4-FUNG-0589,R002
candidate azaphilone locus,minutellin/hinnulin chemistry,correlates_with,M4-FUNG-0590,R001
minutellins A-D,J. minutella stromata,are_recovered_from,M4-FUNG-0590,R002
KtnS,coumarin precursor for kotanin,produces,M4-FUNG-0591,R001
KtnC,two phenolic monomers regio- and stereoselectively,oxidatively_couples,M4-FUNG-0591,R002
Ao415,desferriferrichrome biosynthesis,is_required_for,M4-FUNG-0592,R001
desferriferrichrome/iron balance,nematode-trap formation,modulates,M4-FUNG-0592,R002
PeTS1,FPP-derived substrate to (+)-aristolochene,cyclizes,M4-FUNG-0593,R001
MBP fusion + MEP engineering,heterologous (+)-aristolochene titer,increases,M4-FUNG-0593,R002
dpfgA / PKS15,FDDP-D/E biosynthesis,is_required_for,M4-FUNG-0594,R001
dpfgE / terpene synthase,efficient FDDP-D/E production,is_required_for,M4-FUNG-0594,R002
dpfgG/H/I/J/K tailoring module,common intermediate toward FDDP-D/E,diversifies,M4-FUNG-0594,R004
wheat infection,native FDDP-D/E production,is_associated_with,M4-FUNG-0594,R005
C16 terpene-synthase disruption,wheat disease phenotype,reduces,M4-FUNG-0594,R006
Q6 liquid medium,high in vitro FDDP-D/E detection,supports,M4-FUNG-0594,R007
PF33-1_006185 / PKS16,olivetoric/physodic acid pathway,is_candidate_core_enzyme_for,M4-FUNG-0595,R001
candidate-cluster cytochrome P450,depsidone ether-bond formation,is_candidate_tailoring_enzyme_for,M4-FUNG-0595,R002
olivetoric acid,physodic acid,is_probable_precursor_or_related_depside_of,M4-FUNG-0595,R003
cluster 4,both P. furfuracea chemotypes,is_present_in,M4-FUNG-0595,R004
physodic-acid chemotype,physodic acid production,is_associated_with,M4-FUNG-0595,R005
JAIUPS000000000,PF33-1_006185 / cluster 4,contains_candidate_context_for,M4-FUNG-0595,R006
BGC0003144 canonical physical placement,literature candidate locus without coordinate reconciliation,is_not_equivalent_to,M4-FUNG-0595,R007
MpsA + MpsG,tetramic-acid precursor,assemble,M4-FUNG-0596,R001
MpsD,macrophasetin A precursor,cyclizes,M4-FUNG-0596,R002
MpsF,macrophasetin A to C,hydroxylates,M4-FUNG-0596,R003
group-D TAS1 homologue,fungal γ-lactam biosynthesis,is_sufficient_for,M4-FUNG-0597,R001
group-D TAS1 homologue,fungal γ-lactam biosynthesis,is_sufficient_for,M4-FUNG-0599,R001
Taslactam C,proteasome,inhibits,M4-FUNG-0597,R002
mlfA,Malformin A2/C biosynthesis,is_required_for,M4-FUNG-0598,R001
mlfA complementation,malformin production,restores,M4-FUNG-0598,R002
Taslactam D,taslactam γ-lactam family,belongs_to,M4-FUNG-0599,R002
pksAC in A. fabae,ascochitine production,is_required_for,M4-FUNG-0600,R001
AV22 cluster,A. fabae ascochitine cluster,is_homologous_to,M4-FUNG-0600,R002
AnuA,aromatic polyketide core,builds,M4-FUNG-0601,R001
AnuH,annullatin intermediate,prenylates,M4-FUNG-0601,R002
AnuG,precursor to annullatin D,oxidatively_lactonizes,M4-FUNG-0601,R003
FUP1,fusaproliferin sesterterpene pathway,initiates,M4-FUNG-0602,R001
FUP4,terpestacin,oxidizes_toward,M4-FUNG-0602,R002
FUP5,terpestacin to fusaproliferin,acetylates,M4-FUNG-0602,R003
CpaA/CpaS,cAATrp,produces,M4-FUNG-0603,R001
CpaD,cAATrp to β-CPA,prenylates,M4-FUNG-0603,R002
CpaO,β-CPA to α-CPA,oxidocyclizes,M4-FUNG-0603,R003
TvTS-PT,HexPP,synthesizes,M4-FUNG-0604,R001
TvTS-TC,HexPP to talaropentaene,cyclizes,M4-FUNG-0604,R002
amyB promoter replacement,native TvTS product formation,activates,M4-FUNG-0604,R003
MpMS-PT,HexPP,synthesizes,M4-FUNG-0605,R001
MpMS-TC,HexPP to macrophomene,cyclizes,M4-FUNG-0605,R002
MpMS D114A/N115A,PT activity from TC activity,separates,M4-FUNG-0605,R003
CgCS / Cgl13855,colleterpenol,produces,M4-FUNG-0606,R001
CgCS prenyltransferase domain,HexPP precursor,builds,M4-FUNG-0606,R002
BGC0003159 canonical interval,ES026 functional locus without sequence reconciliation,is_not_assumed_equivalent_to,M4-FUNG-0606,R003
early EAS genes dmaW/easF/easE/easC,chanoclavine I formation,support,M4-FUNG-0607,R001
easD/easA/easG,agroclavine branch,support,M4-FUNG-0607,R002
late EAS/lps gene complement,lysergyl amides and ergobalansine,is_associated_with,M4-FUNG-0607,R003
host symbiosis,native ergot-alkaloid production,is_context_for,M4-FUNG-0607,R004
host symbiosis,native indole-diterpene production,is_context_for,M4-FUNG-0609,R003
lpsB,ergovaline biosynthesis,is_required_for,M4-FUNG-0608,R001
lpsB disruption,lysergic acid,causes_accumulation_of,M4-FUNG-0608,R002
lpsB disruption,lysergyl-alanine/ergovaline branch progression,prevents,M4-FUNG-0608,R003
grass host association,high EAS pathway expression,supports,M4-FUNG-0608,R004
idtG/idtM/idtB/idtC core,paspaline scaffold biosynthesis,supports,M4-FUNG-0609,R001
idtP/idtQ/idtK/idtF peripheral module,downstream indole-diterpene diversification,is_associated_with,M4-FUNG-0609,R002
idtS,P. ipomoeae IDT pathway,has_unresolved_function_in,M4-FUNG-0609,R004
