id,kind
BGC0000003,entity
wider AFT functional programme,entity
conditionally dispensable/accessory chromosome,entity
E001,entity
NAF8,entity
E002,entity
YM-19,entity
BGC0000004,entity
canonical aflatoxin biosynthetic gene cluster,entity
RIB40 aflJ/aflS allele,entity
loss-of-function in regulatory assay,entity
A. oryzae RIB40,entity
E003,entity
A. oryzae RIB67,entity
MIBiG compound annotation,entity
aflatoxin G1 NMR characterization,entity
AY371490.1:1-82081,entity
~70-kb 25-gene aflatoxin biosynthetic cluster,entity
nadA-hxtA-glcA-sugR; nadA later shown to participate in G-aflatoxin formation,entity
aflR,entity
multiple aflatoxin structural genes,entity
nitrate,entity
aflatoxin pathway expression/production under tested condition,entity
native chromosomal cluster position,entity
nor-1 expression under inducing conditions,entity
aflU/cypA,entity
G-aflatoxin branch,entity
ATCC 56775,entity
partial duplicated aflatoxin-cluster module,entity
BGC0000005.3,entity
retired,entity
nadA,entity
late G-group aflatoxin biosynthesis beyond the historical 25-gene core,entity
BGC0000006,entity
AY510451.1:1-88318,entity
AF13,entity
aflatoxin B1 and aflatoxin B2,entity
AF13 norB–cypA proximal module,entity
degenerated by 32-bp + 854-bp deletions,entity
norB–cypA deletion,entity
G-aflatoxin formation,entity
cottonseed lipids,entity
AFB1 production by AF13,entity
atoxigenic A. flavus AF36,entity
realized AF13 aflatoxin contamination in cotton,entity
atfC,entity
oxidative-stress tolerance; aflatoxin effect remains context-dependent,entity
BGC0000007,entity
AY510452.1:1-82511,entity
BN008R / ATCC MYA-379,entity
Aspergillus aflatoxiformans,entity
BN008R,entity
aflatoxin B1 and aflatoxin G1,entity
urea nitrogen,entity
BN008R B1/G1 accumulation relative to ammonium,entity
very acidic pH,entity
BN008R B1/G1 accumulation,entity
aflR transcript,entity
BN008R aflatoxin output across pH,entity
cypA,entity
BGC0000008,entity
AY510453.1:1-75829,entity
AF70,entity
A. flavus AF70 / ATCC MYA-384 (strain TaxID 1392242),entity
ground corn,entity
AF70 aflatoxin-cluster transcription and AFB1 output relative to PDB,entity
Hbx1,entity
AF70 development and aflatoxin production,entity
FhpA,entity
AF70 AFB1 production,entity
AF70 aflF/aflU region,entity
S-morphotype deletion/degeneration,entity
AF70 cluster genotype,entity
NRRL3357 aflatoxin cluster,entity
BGC0000009,entity
AY510454.1:1-75352,entity
NRRL 13137,entity
Aspergillus nomiae,entity
aflatoxin B1/B2/G1/G2,entity
intact aflU/cypA,entity
G-aflatoxin branch competence,entity
high initial spore density in peptone medium,entity
NRRL 13137 aflatoxin biosynthesis,entity
high initial spore density in glucose medium,entity
arachidin-3,entity
NRRL 13137 growth/development and AFB1 accumulation,entity
temperature,entity
A. nomiae growth/transcript state versus final toxin output,entity
BGC0000010,entity
AY510455.1:1-78264,entity
AF36,entity
YV36,entity
MAT1-2,entity
aflC/pksA nt591 G→A,entity
premature stop codon / nonfunctional PKS,entity
nonfunctional PksA,entity
aflatoxin pathway biochemical execution,entity
AF36/YV36 field application,entity
aflatoxin contamination from toxigenic A. flavus populations,entity
MIBiG aflatoxin compound annotation,entity
native AF36 product evidence,entity
BGC0000011,entity
AY092402.3:1-59535,entity
SRRC 1432,entity
CBS 550.77 / NRRL 28622 / ATCC 38873,entity
A. ochraceoroseus,entity
sterigmatocystin + aflatoxin B1 + aflatoxin B2,entity
A. ochraceoroseus aflR,entity
A. nidulans aflR mutant,entity
A. ochraceoroseus aflQ/ordA,entity
A. parasiticus aflQ mutant,entity
BGC0000011 architecture,entity
A. nidulans sterigmatocystin cluster,entity
BGC0000012,entity
AB120221.1:1-21971,entity
Alt5 / PKSN,entity
alternapyrone,entity
Alt1,entity
cytochrome P450 tailoring,entity
Alt2,entity
Alt3,entity
Alt4,entity
FAD/FMN-dependent oxidative tailoring,entity
core intermediate / released PKS product rather than proven full-cluster end product,entity
BGC0000012-like clusters,entity
multiple Pleosporalean/Dothideomycete fungi,entity
BGC0000013 displayed region,entity
"A. nidulans chromosome IV / BN001304.1:1,099,810–1,145,772",entity
compact functional locus,entity
"BN001304.1:1,119,810–1,127,658",entity
PkgA,entity
alternariol/isocoumarin polyketide backbone,entity
PkgB,entity
PkgA polyketide product,entity
PkgA + PkgB direct induction,entity
alternariol + dehydrocitreoisocoumarin + minor isocoumarins,entity
nearby putative TF induction,entity
detectable new natural product under tested conditions,entity
MIBiG historical alternariol structure reference,entity
A. nidulans production,entity
sterigmatocystin-deficient background,entity
induced natural-product discovery,entity
BGC0000022,entity
"AACD01000015.1:109,597–170,464",entity
MIBiG locus feature,entity
"AACD01000015.1:111,993–153,232",entity
functional afo programme,entity
afoA + afoB/afoC/afoD/afoE/afoF/afoG,entity
AN1030,entity
asperfuranone cluster under ScpR activation,entity
asperfuranone production in deletion assay,entity
AfoG,entity
AfoE,entity
AfoD deletion,entity
preasperfuranone,entity
ScpR chromosome-II regulator,entity
AfoA on chromosome VIII,entity
AfoB,entity
product transport/recovery,entity
BGC0000027,entity
KC148521.1:1-80000,entity
M. purpureus discovery locus,entity
M. pilosus BGC0000027,entity
MpPKS5,entity
Monascus azaphilone pigment backbone,entity
MppR1,entity
MpPKS5 / pigment pathway access,entity
MpFAS2,entity
short-chain C8/C10 acyl moieties for pigment decoration,entity
MppE,entity
yellow ankaflavin/monascin branch,entity
MppG,entity
orange rubropunctatin/monascorubrin branch,entity
mppE overexpression phenotype,entity
culture method,entity
BGC0000030,entity
"HF679027.1:82,202–128,472 / chromosome V",entity
functional bik core,entity
"FFUJ_06742–FFUJ_06747 / 102,202–119,287",entity
Bik1,entity
pre-bikaverin polyketide scaffold,entity
Bik2,entity
bikaverin pathway intermediates,entity
Bik3,entity
Bik4,entity
bik1/bik2/bik3 expression,entity
Bik5,entity
bik1/bik4/bik6 and pathway output,entity
Bik6,entity
bikaverin export/recovery,entity
PacC,entity
alkaline pH,entity
high nitrogen,entity
bik1–bik6 transcription,entity
ralsolamycin,entity
bik1/bik2/bik3 transcription and bikaverin production,entity
bikaverin,entity
Ralstonia invasion frequency in chlamydospores,entity
BGC0000037 display region,entity
"BN001301.1 chromosome I:119,085–166,905",entity
"cicF/PKS at 139,085–146,905",entity
CicF,entity
3-methylorsellinic acid scaffold,entity
CicB deletion,entity
3-methylorsellinic acid,entity
CicC deletion,entity
nidulol,entity
CicD,entity
cichorine pathway and derivative production,entity
CicG,entity
cichorine production under YES deletion assay,entity
cichorine-derived precursor,entity
aspercryptin assembled by separate BGC,entity
acidified extraction,entity
otherwise missed ionizable pathway intermediates,entity
local cic cluster,entity
lactone-to-lactam conversion,entity
MlcA,entity
compactin nonaketide core,entity
MlcG,entity
MlcA reductive programming,entity
MlcB,entity
compactin diketide side chain,entity
MlcH,entity
diketide side chain + ML-236A → compactin,entity
MlcR,entity
mlc biosynthetic genes,entity
MlcD,entity
compactin target resistance,entity
MlcE,entity
compactin efflux/self-resistance,entity
BGC0000045,entity
JX971534.1:1-31000,entity
AtCURS1,entity
AtCURS2,entity
"10,11-dehydrocurvularin",entity
CurR,entity
dehydrocurvularin locus,entity
CurE,entity
dehydrocurvularin,entity
AtCURS1 + AtCURS2,entity
heterologous final-product formation,entity
starter-unit feeding,entity
AtCURS1 requirement experimentally,entity
A. terreus NIH2624,entity
producer-strain curS1/curS2 orthologs,entity
BGC0000046,entity
FJ977165.1:1–25000,entity
DEP6,entity
DEP1–DEP5,entity
DEP5,entity
depudecin polyketide scaffold formation,entity
DEP2,entity
oxidative tailoring toward depudecin,entity
DEP4,entity
DEP3,entity
transport/export of depudecin or related function,entity
depudecin,entity
cabbage virulence,entity
Arabidopsis virulence in defining assay,entity
higher temperature 23→30°C,entity
depudecin production,entity
reduced nitrate / ammonium substitution,entity
depudecin production at 23°C,entity
DEP cluster family,entity
horizontal transfer and recurrent partial degeneration across fungi,entity
BGC0000048,entity
"DQ149246.3:1–52,829 / pksA mini-cluster",entity
dothistromin functional programme,entity
six loci on chromosome 12,entity
PksA,entity
de novo dothistromin scaffold synthesis,entity
PksA mutant,entity
downstream precursor-to-dothistromin conversion competence,entity
DotA/Ver1 loss,entity
versicolorin A,entity
DsAflR,entity
multiple physically separated dothistromin loci,entity
DsLaeA,entity
DsAflR and dothistromin output,entity
H3K27me3,entity
dispersed chromosome-12 dothistromin genes,entity
early exponential state,entity
high dothistromin-gene expression and production,entity
dothistromin,entity
mesophyll colonization / lesion expansion / sporulation,entity
initial infection and disease-cycle completion,entity
chromosome-11 NorB,entity
BGC0000057 display region,entity
"AACD01000135.1:108,096–154,597",entity
OrsA,entity
orsellinic acid,entity
OrsA + OrsB + OrsC,entity
F9775A/F9775B local biosynthesis,entity
OrsB deletion,entity
gerfelin + C10-deoxygerfelin + orsellinic acid,entity
OrsC deletion,entity
diorcinol + orsellinic acid,entity
AN7913–AN7915,entity
OA/F9775A/B under targeted-deletion conditions,entity
S. rapamycinicus physical contact,entity
ors transcription and OA/lecanoric acid/F9775 chemistry,entity
SAGA/ADA GcnE/AdaB,entity
bacteria-induced ors activation,entity
CclA loss,entity
ors/F9775 programme,entity
VeA,entity
MvlA overexpression,entity
ΔveA/ΔcclA F9775 activation,entity
stationary liquid Czapek culture,entity
wild-type OA/F9775 production,entity
BGC0000062,entity
AF155773.5,entity
Fum21,entity
most FUM biosynthetic genes,entity
Fum1,entity
Fum8 in pathway order,entity
Fum8,entity
Fum6-dependent oxidation,entity
Fum13,entity
C3 carbonyl to C3 hydroxyl,entity
Fum2,entity
C10 hydroxylation/congener class,entity
Fum3,entity
final C5 hydroxylation,entity
Fum7/Fum10/Fum11/Fum14,entity
tricarballylic ester arms,entity
Fum18,entity
ceramide-synthase-based FB1 self-protection,entity
Fum19,entity
FUM cluster expression and FB1 level,entity
Fum16,entity
palmitoyl-CoA/ceramide self-protection module,entity
FUM15–FUM19,entity
self-protection/regulatory subcluster,entity
FUM1 loss,entity
fumonisin but not tested maize ear pathogenicity,entity
BGC0000063,entity
"EU449979.1:1–53,327",entity
FoFum8 Val580,entity
predominant C-series fumonisin output,entity
FvFum8 Ala580,entity
predominant B-series fumonisin output,entity
FoFUM8,entity
glycine for FC backbone formation,entity
FvFUM8,entity
alanine for FB backbone formation,entity
FUM15,entity
hydroxy-FC1 hydroxylation,entity
CPM1,entity
FUM19 at O-1890 cluster edge,entity
O-1890,entity
Dianthus caryophyllus in Korea,entity
BGC0000064,entity
"AY604568.1:1–11,857",entity
F. verticillioides transcriptional FUS locus,entity
FUS1–FUS9 / FVEG_11086–FVEG_11078,entity
Fus1,entity
prefusarin scaffold,entity
Fus8,entity
prefusarin C20 and later C20 aldehyde to carboxylate,entity
Fus2,entity
2-pyrrolidone ring closure + C15 oxidation + C13–C14 epoxidation,entity
Fus9,entity
carboxy-fusarin C to fusarin C,entity
Fus3–Fus7,entity
canonical fusarin C formation in F. fujikuroi,entity
FUS transcription and fusarin production,entity
Ustilago maydis coculture,entity
F. verticillioides FUS1–FUS9 transcription at day 2,entity
FvStuA,entity
FUS cluster transcription,entity
BGC0000070,entity
"GU574478.1:1–55,000",entity
GsfA,entity
heptaketide benzophenone precursor,entity
GsfB,entity
3-OH of benzophenone pathway intermediate,entity
GsfC,entity
9-OH of benzophenone pathway intermediate,entity
GsfI,entity
griseophenone C → griseophenone B,entity
GsfF,entity
grisan oxa-spiro scaffold by oxidative phenolic coupling,entity
GsfD,entity
5-OH of late grisan intermediate,entity
GsfE,entity
dehydrogriseofulvin → griseofulvin stereospecifically,entity
GsfK,entity
canonical griseofulvin production under tested conditions,entity
GsfH,entity
BGC0000076,entity
EU520417.1 / DSM11931,entity
BGC0000077,entity
Hpm8,entity
Hpm3,entity
Hpm3 + Hpm8,entity
DHZ 14-membered resorcylic acid lactone scaffold,entity
Hpm5,entity
4-OH of hypothemycin/RAL substrates,entity
Hpm7,entity
"1′,2′ double bond",entity
Hpm1,entity
DHZ-derived RAL side chain,entity
Hpm2,entity
"7′,8′ olefin",entity
Hpm6,entity
cis hypothemycin,entity
Hpm9,entity
late side-chain alcohol to ketone/enone state,entity
EU520418.1 / DSM11932,entity
BGC0000088,entity
"AH007774.2:1–55,428",entity
LovB,entity
BGC0000088/AH007774.2 on AF151722,entity
LovC,entity
specific LovB-bound enoyl intermediates,entity
LovB + LovC,entity
dihydromonacolin L scaffold,entity
LovG,entity
dihydromonacolin L from LovB,entity
LovA,entity
DML acid → monacolin L acid → monacolin J acid,entity
LovF,entity
2-methylbutyryl side-chain donor,entity
LovD,entity
LovF-bound 2-methylbutyryl group to monacolin J,entity
carbon assimilation limitation,entity
onset of native lovastatin production,entity
ROS accumulation,entity
lovE/lovF expression and lovastatin production,entity
cluster HMG-CoA reductase homolog,entity
producer resistance/self-protection,entity
BGC0000089,entity
BGC0000088 lovastatin programme,entity
AF141925.1,entity
AH007774,entity
AF141924.1 + AF141925.1,entity
17-gene lovastatin cluster,entity
M4-FUNG-0028,entity
M4-FUNG-0027 / BGC0000088,entity
BGC0000098,entity
"DQ176595.1:1–45,000",entity
MokA,entity
monacolin K core-scaffold biosynthesis,entity
MokE,entity
MokA iterative-PKS execution,entity
MokB,entity
diketide side chain downstream of monacolin J,entity
MokF,entity
MokB-derived side chain to monacolin J,entity
MokH,entity
mok cluster transcription and MK output,entity
MokI overexpression,entity
MK output/recovery,entity
10 mM glutamate,entity
MK production and mokB–mokI expression,entity
temperature shift 30→25°C,entity
MK despite lower biomass,entity
MpClr4 inactivation,entity
MK production,entity
MpDot1 inactivation,entity
monacolin K,entity
lovastatin,entity
BGC0000099,entity
"HM070047.1:1–8,104",entity
functional monascorubrin programme,entity
pks3 + rp1 + rp2 + rp3 + rp4,entity
RP1,entity
PKS3-dependent pathway,entity
PKS3,entity
compound-1/polyketide chromophore branch,entity
RP2 + RP3 + RP4,entity
3-oxo-decanoic-acid/fatty-acid branch,entity
pks3 + rp1,entity
citrinin branch,entity
rp2/rp3/rp4,entity
citrinin formation under tested conditions,entity
pks3 + rp1–rp4,entity
monascorubrin and ankaflavin,entity
free amino acids,entity
monascorubrin/rubropunctatin after scaffold formation,entity
25°C mold state,entity
diffusible red-pigment programme,entity
ten tested neighboring ORFs outside rp1–rp4,entity
visible red-pigment phenotype,entity
BGC0000101,entity
"BN001308.1:4,367,684–4,413,245 displayed region",entity
mdp secondary-metabolite locus,entity
MdpG,entity
atrochrysone thioester,entity
MdpF,entity
atrochrysone carboxylic acid from MdpG,entity
MdpH1/MdpH2,entity
flux toward emodin rather than endocrocin,entity
MdpE + MdpA,entity
mdp cluster transcription,entity
MdpD,entity
xanthone branch but not monodictyphenone,entity
XptA + XptB,entity
xanthone-pathway intermediates,entity
XptC,entity
late prenylated precursors to shamixanthone/epishamixanthone,entity
AN7999,entity
obvious prenyl-xanthone production under tested conditions,entity
prenylated xanthones,entity
Hülle cells during sexual development,entity
Hülle-cell xanthones,entity
sexual structures from arthropod fungivory,entity
BGC0000104,entity
"HQ731031.1:1–33,515 displayed region",entity
MpaC,entity
5-methylorsellinic acid,entity
MpaDE,entity
5-MOA → DHMB → DHMP,entity
MpaA,entity
DHMP → FDHMP,entity
MpaB,entity
FDHMP side chain → FDHMP-3C,entity
MpaG,entity
"DMMPA, FDHMP and FDHMP-3C",entity
peroxisomal β-oxidation,entity
methylated prenyl side chain toward MPA-CoA,entity
MpaH,entity
MPA-CoA → MPA,entity
MpaF / IMPDH-B,entity
self-resistance to MPA,entity
mpaD + mpaE database CDSs,entity
single mpaDE fusion gene,entity
Golgi membrane,entity
MpaDE + MpaB,entity
endoplasmic reticulum,entity
peroxisome,entity
BGC0000107,entity
"BN001302.1:1,116,199–1,162,873 displayed region",entity
WA,entity
YWA1,entity
wA loss,entity
white conidia,entity
YA,entity
yellow YWA1-derived pigment toward green conidial pigment,entity
AbaA,entity
yA transcription,entity
FwA,entity
YWA1 independently of YA,entity
ChaA,entity
FwA-derived pigment branch,entity
wA,entity
"yA, fwA and chaA",entity
fwA,entity
chaA,entity
conidial development,entity
YA/laccase accumulation,entity
mature green pigment,entity
conidia against UV damage,entity
PatK,entity
6-methylsalicylic acid,entity
PatG,entity
6-MSA → m-cresol,entity
PatH,entity
m-cresol → m-hydroxybenzyl alcohol,entity
PatI,entity
m-hydroxybenzyl alcohol → gentisyl alcohol,entity
PatN,entity
isoepoxydon → phyllostine,entity
PatF,entity
phyllostine → neopatulin,entity
PatD,entity
neopatulin → E-ascladiol,entity
PatE,entity
E-ascladiol → patulin,entity
PatL,entity
patulin cluster transcription,entity
patulin,entity
cultivar-dependent apple aggressiveness,entity
BGC0000121,entity
"KC145148.1:1–40,346 displayed region",entity
PtaA,entity
emodin-family polyketide scaffold,entity
PtaB/PtaC/PtaD/PtaF,entity
early emodin-family scaffold maturation,entity
PtaH/PtaI,entity
aromatic pathway intermediates,entity
PtaJ,entity
methylated anthraquinone toward benzophenone state,entity
PtaM,entity
isosulochrin-like or RES-1214-1 substrate,entity
PtaE,entity
benzophenone precursor into diphenyl ether,entity
RES-1214-1,entity
pestheic acid / RES-1214-2,entity
pestheic acid,entity
RES-1214-2 / dihydromaldoxin,entity
pta cluster expression,entity
pestheic-acid production in rice fermentation,entity
W106-1,entity
Camellia sinensis,entity
Pyr2,entity
HPPO,entity
Pyr6,entity
Pyr5,entity
farnesyl-HPPO,entity
Pyr4,entity
epoxyfarnesyl intermediate,entity
GpaB,entity
pyr cluster in dual biofilm,entity
pyripyropene,entity
A. fumigatus mixed-biofilm fitness,entity
Rdc5,entity
reduced pentaketide starter,entity
Rdc5 product,entity
Rdc1 SAT/NRPKS system,entity
Rdc1,entity
(R)-monocillin II,entity
Rdc2,entity
monocillin/RAL substrates,entity
NaBr,entity
rdc2 transcription,entity
radicicol → chlorine-free monocillin profile,entity
Rdc4,entity
epoxidative late tailoring,entity
Rdc3,entity
MFS transporter,entity
BGC0000146,entity
"AB514562.1:1–21,000",entity
Sol1,entity
desmethylprosolanapyrone I,entity
Sol2,entity
desmethylprosolanapyrone I → prosolanapyrone I,entity
Sol6,entity
prosolanapyrone I → prosolanapyrone II,entity
Sol5,entity
prosolanapyrone II → prosolanapyrone III → solanapyrones A/D,entity
Sol3,entity
solanapyrone A/D → solanapyrone B/E,entity
Sol4,entity
sol1/2/3/5/6 transcription,entity
sol5 deletion,entity
loss of solanapyrones + prosolanapyrone-II-diol accumulation,entity
A. solani pathogenicity on tested potato/tomato hosts,entity
A. oryzae host enzymes,entity
prosolanapyrone-I terminal olefin when Sol6 is absent/delayed,entity
host ethanolamine,entity
solanapyrone A → solanapyrone C,entity
corrected Sol6 expression,entity
heterologous-host side-product formation,entity
Δsol5 feedback state,entity
other sol biosynthetic genes,entity
StcJ + StcK,entity
dedicated hexanoyl starter for StcA,entity
StcA,entity
early sterigmatocystin polyketide/norsolorinic-acid pathway,entity
StcB + StcW,entity
averufin,entity
StcS + StcU,entity
versicolorin A → sterigmatocystin segment,entity
StcP,entity
demethylsterigmatocystin → sterigmatocystin,entity
AflR,entity
TCG(N5)CGA motifs in stc promoters,entity
aflR expression and ST production,entity
LaeA,entity
ST cluster transcription,entity
glucose concentration,entity
effect of light on ST production,entity
current MIBiG gene list,entity
historical 25-transcript cluster definition,entity
BGC0000154,entity
"EQ962655.1:1,793,486–1,841,545 displayed region",entity
TropA,entity
3-methylorcinaldehyde,entity
TropB,entity
3-methylorcinaldehyde → hydroxycyclohexadienone,entity
TropC,entity
six-membered dienone → seven-membered tropolone/stipitaldehyde,entity
TropD,entity
stipitaldehyde methyl group → stipitacetal-forming state,entity
TropE,entity
stipitacetal → stipitalide,entity
TropF,entity
stipitalide/lactone toward open-chain intermediate,entity
TropG,entity
late open-chain oxidation sequence,entity
TropH,entity
late aldehyde → dicarboxylate,entity
TropI,entity
dicarboxylate ↔ maleic-anhydride/stipitatonic state,entity
TropJ,entity
late intermediate → stipitatic acid,entity
genomic tropA intron construct,entity
A. oryzae heterologous expression,entity
intronless tropA construct,entity
3-methylorcinaldehyde in A. oryzae,entity
current MIBiG BGC0000154 displayed boundary,entity
Tox1A,entity
Race-T chr12;6 / scaffold_4,entity
Tox1B,entity
Race-T chr6;12 / scaffold_8,entity
PKS1,entity
T-toxin + high virulence,entity
PKS2,entity
46357,entity
high-level active T-toxin,entity
ChLae1 + ChVel1,entity
Tox1 transcription in dark,entity
darkness,entity
T-toxin production,entity
T-toxin,entity
T-cms/URF13 susceptibility system,entity
BGC0000156,entity
"JN257714.1:1–13,275",entity
AdaR,entity
adaA/adaB/adaC/adaD programme,entity
AdaA,entity
ACP-bound decaketide scaffold,entity
AdaC,entity
C2/α-carbon of ACP-bound decaketide,entity
AdaC hydroxylation,entity
AdaB off-loading from hydrolysis toward Claisen-like fourth-ring closure,entity
AdaB,entity
C18–C1 fourth-ring closure,entity
AdaD,entity
C9 hydroxyl → TAN-1612,entity
AdaE,entity
AdaA-containing core locus,entity
AdaE coexpression,entity
heterologous host tolerance and extracellular TAN-1612 recovery,entity
BMS-192548,entity
TAN-1612 during purification,entity
AdaA+AdaC without AdaB,entity
trace tetracyclic product,entity
AdaA+AdaB without AdaC,entity
unhydroxylated tricyclic hydrolysis product,entity
AtX,entity
6-MSA,entity
AtA,entity
6-MSA → 3-methylcatechol,entity
AtE,entity
3-methylcatechol → benzenetriol,entity
AtG,entity
AtE-dependent hydroxylation,entity
AtD,entity
benzenetriol → terremutin,entity
AtC,entity
terremutin → terreic acid,entity
AtF,entity
terreic-acid programme,entity
ATEG_06279,entity
primary eight-gene at definition,entity
BGC0000161,entity
"CH476594.1:399,827–452,585",entity
TerR,entity
terA–J transcription,entity
AreA + AtfA,entity
terR during nitrogen limitation/methionine signaling,entity
HapX,entity
terR under iron limitation,entity
TerA + TerB,entity
6-hydroxymellein,entity
TerC,entity
TerD,entity
TerC-derived intermediate,entity
TerG/TerJ,entity
terrein export/self-protection,entity
terH/terI deletion,entity
terrein production,entity
plant-derived media,entity
terR/ter pathway,entity
terrein,entity
Fe3+ → Fe2+,entity
terrein oxidation,entity
propylene maleic acid,entity
iron acquisition in siderophore-deficient A. terreus,entity
current MIBiG product label,entity
experimental terrein identity,entity
VrtA,entity
viridicatumtoxin core formation,entity
VrtC,entity
naphthacenedione core,entity
VrtD,entity
GPP for prenylation,entity
VrtK,entity
geranyl side chain to spirobicycle,entity
YanA,entity
YanB,entity
YanI,entity
yanuthone precursor,entity
YanF,entity
yanuthone E → yanuthone D,entity
AtaP,entity
diketopiperazine scaffold,entity
nine-gene ata set,entity
acetylaranotin biosynthesis,entity
current MIBiG display,entity
deletion-defined functional set,entity
AnaPS,entity
(R)-benzodiazepinedione,entity
AnaPT,entity
benzodiazepinedione → aszonalenin,entity
AnaAT,entity
aszonalenin → acetylaszonalenin,entity
APS1,entity
apicidin cyclic tetrapeptide,entity
APS3,entity
L-pipecolic acid,entity
APS2,entity
APS cluster transcription,entity
extra-cluster FAS beta subunit,entity
Aoda precursor biosynthesis,entity
aba1,entity
Aureobasidin A biosynthesis complex,entity
Aba1,entity
aureobasidin A,entity
precursor pool,entity
aureobasidin congener output,entity
BbBSLS,entity
bassianolide,entity
bbBsls deletion,entity
beauvericin biosynthesis,entity
B. bassiana insect virulence,entity
KIVR,entity
D-Hiv,entity
BbBEAS,entity
beauvericin,entity
insect virulence,entity
PcbAB,entity
ACV,entity
PcbC,entity
ACV → IPN,entity
CefP,entity
IPN into peroxisome,entity
CefD1/CefD2,entity
IPN → PenN,entity
CefM,entity
PenN to cytosol,entity
PenN,entity
late BGC0000318 pathway,entity
M4-FUNG-0053 early programme,entity
penicillin N,entity
CefEF,entity
PenN → DAOC → DAC,entity
CefG,entity
DAC → cephalosporin C,entity
cefEF/cefG dosage,entity
CPC production,entity
ctg1_orf10,entity
chaetocin ETP scaffold,entity
chaetocin locus,entity
fungal ETP biosynthetic systems,entity
SimA,entity
cyclosporin peptide core,entity
SimG/SimI/SimJ,entity
Bmt precursor,entity
SimL,entity
sim cluster and cyclosporin production,entity
cyclosporin production,entity
fungal competition and insect-associated fitness,entity
DtxS1,entity
destruxin depsipeptide scaffold,entity
DtxS3,entity
hydroxyisocaproate precursor,entity
DtxS4,entity
beta-alanine precursor,entity
DtxS2,entity
upstream destruxins to downstream congeners,entity
Hty module within continuous Ecd/Hty cluster,entity
L-homotyrosine to echinocandin-B assembly,entity
EcdI,entity
linoleate onto EcdA,entity
EcdA,entity
echinocandin B hexapeptide scaffold,entity
Esyn1,entity
2R-hydroxyisovalerate and valine into enniatin,entity
living grass host state,entity
high EAS transcription,entity
LpsB,entity
lysergic-acid-derived intermediates toward ergovaline,entity
EAS locus,entity
retrotransposon and DNA-transposon relics,entity
BrlA-controlled conidiation,entity
fumiquinazoline pathway expression,entity
FmqD secretion to cell wall,entity
conidia-enriched FQC accumulation,entity
FQC,entity
FQD,entity
HcpA adenylation domains,entity
Phe/Tyr/Trp and Val/Ile alternative substrates,entity
HcpA deletion,entity
loss of tetrapeptide family and smoother colony surface,entity
GliZ,entity
gli cluster transcription and gliotoxin output,entity
GliP,entity
gliotoxin diketopiperazine scaffold,entity
GliT,entity
dithiol gliotoxin to epidisulfide gliotoxin,entity
GliA,entity
gliotoxin,entity
HTS1,entity
HC-toxin cyclic tetrapeptide core,entity
TOXC and TOXF,entity
Aeo precursor branch required for HC-toxin,entity
TOXE,entity
multiple TOX2 genes but not HTS1,entity
HC-toxin,entity
maize histone deacetylases,entity
TOX2 chromosome integrity,entity
toxin output and virulence,entity
HasD,entity
Trp/Ala-derived HAS scaffold,entity
HasA,entity
hasB–hasH,entity
HAS overproduction,entity
fungal iron homeostasis,entity
virulence in tested mouse model,entity
BGC0000404,entity
BGC0000405 three-gene penicillin pathway,entity
industrial strain improvement,entity
penicillin-region copy number,entity
peroxisomal competence,entity
final penicillin acylation/output,entity
ACV → isopenicillin N,entity
PenDE,entity
isopenicillin N → penicillin G/V,entity
BGC0000405,entity
BGC0000404 industrial amplification unit,entity
RoqA,entity
HTD,entity
RoqD and RoqR,entity
roquefortine C,entity
RoqM→RoqO→RoqN,entity
roquefortine C → glandicoline A → glandicoline B → meleagrine,entity
phenylacetic acid,entity
roq transcription and metabolite production,entity
TdiD,entity
L-tryptophan → indolepyruvate,entity
TdiA,entity
two indolepyruvate-derived units,entity
TdiB,entity
terrequinone scaffold,entity
TdiE,entity
off-pathway monoprenylated product,entity
VlmA/VlmB,entity
5-hydroxytetradecanoate precursor,entity
VlmS,entity
verlamelin cyclic lipopeptide,entity
primary fatty-acid metabolism,entity
verlamelin BGC,entity
UstR,entity
ust cluster transcription,entity
UstA,entity
16 YAIG precursor motifs,entity
KexB,entity
mature ustiloxin B production outside the BGC,entity
UstY/UstQ-family enzymes,entity
oxidative macrocycle maturation,entity
ATM1,entity
early paspaline core,entity
ATM2,entity
late oxidation/prenylation toward aflatrem,entity
ATM1 expression and aflatrem production,entity
ATM1 + ATM2,entity
aflatrem,entity
BcBOT2,entity
FPP to presilphiperfolan-8β-ol,entity
BcBOT4,entity
presilphiperfolan-8β-ol at C-4,entity
BcBOT3,entity
probotryane intermediate at C-10,entity
BcBot6,entity
botrydial biosynthetic programme,entity
BcBOT perturbation,entity
botcinic-acid/polyketide output in a strain-dependent manner,entity
Ari1/Prx2,entity
FPP to aristolochene,entity
ORF6/Prx9,entity
eremofortin B formation,entity
ORF8/Prx11,entity
late eremophilane intermediate toward eremofortin A,entity
prx pathway suppression,entity
mycophenolic-acid production,entity
static culture,entity
P. chrysogenum homologous PR-toxin cluster,entity
PbcR,entity
AN1592–AN1598 diterpene programme,entity
PbcB/AN1592,entity
GGPP precursor,entity
PbcA/AN1594,entity
isopimarane diterpene scaffold,entity
modern Pbc pathway,entity
dipleosmarane + six known isopimarane diterpenoids,entity
PbGGS,entity
GGPP precursor for PbACS,entity
PbACS,entity
aphidicolan-16β-ol scaffold,entity
PbP450-1 + PbP450-2,entity
aphidicolane scaffold to aphidicolin,entity
ER localization of PbP450-1,entity
efficient aphidicolin pathway execution,entity
AusA cluster,entity
DMOA-derived polyketide precursor module,entity
AusN-containing cluster,entity
prenylation/cyclization/tailoring to austinol and dehydroaustinol,entity
NfSS,entity
sesterfisherol,entity
NfP450,entity
sesterfisherol → sesterfisheric acid,entity
FCK1,entity
AMP/DMAPP-derived cytokinin pathway,entity
Fusarium cytokinins,entity
plant cytokinin signalling,entity
PerA,entity
peramine,entity
ryegrass–Epichloë symbiotum from insect herbivory,entity
SthB,entity
betaenone-family precursor → bridged tricyclic scaffold,entity
host infection,entity
cluster transcriptional access,entity
lna cluster,entity
lnb cluster,entity
L-Tyr-derived imine intermediate,entity
piperazine/morpholine/oxidized products,entity
CalA + CalK,entity
decalin branch,entity
CalA + CalH,entity
polyene branch,entity
CalD,entity
decalin + polyene portions,entity
acurin PKS,entity
acurin NRPS,entity
split PKS + NRPS architecture,entity
fission of ancestral PKS–NRPS hybrid,entity
Ev460pks,entity
two polyenoic β-ketolactones,entity
asteltoxin,entity
AnATPKS,entity
amino-acid-derived α-pyrone scaffold,entity
AnOMT,entity
pyrophen pathway intermediates,entity
FGM4,entity
fg3_54 transcriptional programme,entity
NRPS9,entity
NRPS5 seven-module elongation,entity
fusaoctaxin A,entity
wheat cell-to-cell invasion,entity
AfumA,entity
squalene epoxide to hopane scaffold,entity
AfumB,entity
hopane intermediate,entity
AfumC,entity
fumihopaside precursor,entity
fumihopaside A,entity
heat/UV stress tolerance,entity
BGC0002267 / cluster B,entity
physically separate cluster A,entity
ATEG_07659 + ATEG_07661,entity
preasperpyranone branch,entity
three transcription factors,entity
two-cluster azasperpyranone programme,entity
PfpA,entity
initial hybrid PKS-NRPS 2-pyridone precursor,entity
PfpB,entity
PfpA-derived pyridone intermediate,entity
PfpC,entity
ortho-quinone-methide intermediate,entity
"citridone A, tersone D and related scaffolds",entity
late pfp P450 activity,entity
citridone B/B' quaternary-carbon scaffold,entity
PfpD; PfpE,entity
additional cytochrome P450 tailoring enzymes,entity
PfpF,entity
PfpG,entity
transcription factor,entity
mca17 regulator overexpression,entity
MCA17-1 production,entity
hybrid PKS-NRPS core,entity
MCA17-1 scaffold,entity
SwnA/SwnR and unclustered routes,entity
pipecolic acid,entity
SwnK,entity
pipecolate into indolizidine intermediates,entity
SwnH1/SwnH2,entity
late intermediates toward swainsonine,entity
atqA,entity
asterriquinone CT5 production,entity
anaPS,entity
asterrelenin / epi-aszonalenin A family production,entity
BtyA,entity
butyrolactone I / III family production,entity
BtyA adenylation domain,entity
4-hydroxyphenylpyruvate,entity
ApvA,entity
aspulvinone H / B1 production,entity
ApvA adenylation domain,entity
phenylalanine analogue feeding,entity
substituted pyrophen analogue output,entity
ATRR,entity
glycine betaine → glycine betaine aldehyde → choline,entity
choline supplementation,entity
Δatrr betaine-challenge growth phenotype,entity
GreA,entity
2 × 4-hydroxyphenylpyruvate → atromentin,entity
GreA adenylation domain,entity
4-hydroxyphenylpyruvate; phenylpyruvate,entity
PbhdaA deletion,entity
brs transcription and brasiliamide I production,entity
BrsA,entity
L-phenylalanine-derived piperazine scaffold,entity
BrsJ,entity
piperazine ring toward brasiliamide A,entity
brsH / brsD deletion,entity
brasiliamide congener profile,entity
Omp6 enzyme,entity
FPP → δ-6 protoilludene,entity
Omp7 enzyme,entity
Omp6/Omp7 loci,entity
duplicated protoilludene-synthase programme with distinct neighboring tailoring repertoires,entity
SmbA + SmbB,entity
early tetramic/pyridone scaffold,entity
SmbE,entity
C11 hydroxylation → tetrahydropyran ring formation,entity
SmbF,entity
phenylalanine-derived side chain at para position,entity
SmbG,entity
N-demethylsambutoxin → sambutoxin,entity
bisA-bisK programme,entity
biscognienyne/eutypinic-acid pathway outputs,entity
BisI,entity
prenyl chains,entity
C5 and C15 prenyl-chain substrates,entity
precursor feeding,entity
bis pathway intermediate and branch products,entity
AshP,entity
γ-naphthopyrone coupling substrate,entity
AshL,entity
γ-naphthopyrones → axially chiral dimer,entity
laccase identity/reaction conditions,entity
M/P atropisomeric outcome,entity
PvhA + PvhC,entity
reactive acyclic precursor 3,entity
PvhE,entity
3 → carboxylated 6,entity
PvhD,entity
6 → 7,entity
PvhB,entity
6/7 → cis-decalin varicidin products,entity
Pc20g10860,entity
GGPP → deoxyconidiogenol,entity
Pc20g10870,entity
deoxyconidiogenol → conidiogenone,entity
conidiogenone,entity
conidiation in P. cyclopium,entity
Snf2 activity,entity
PUL1-PUL3,entity
snf2 loss-of-function,entity
cyclo(Leu-Leu) / pulcherriminic acid metabolite set,entity
pulcherriminic acid,entity
pulcherrimin pigment,entity
SNF2 complementation,entity
pigmentation and strong antifungal phenotype,entity
MelA,entity
4-hydroxyphenylpyruvate → aspulvinone E,entity
TyrP,entity
aspulvinone E → reactive oxidized species,entity
reactive TyrP products,entity
Asp-melanin,entity
UV stress,entity
soil-amoeba phagocytosis,entity
ctdQ,entity
21R-citrinadin A biosynthesis,entity
CtdU,entity
citrinadin intermediate at C7,entity
CtdE,entity
bicyclo[2.2.2]diazaoctane PIA intermediates → 3S-spirooxindoles,entity
aetokthonotoxin,entity
"cyanobacterial BGC0002643, not fungal BGC0002368",entity
Cladosporium sp. SW67,entity
cladosporiumins I/J,entity
clsI + clsK,entity
tetramic-acid metabolite biosynthesis,entity
SubA/SubC/SubD plus conserved SubB/SubE classes,entity
common DDP intermediate 4,entity
SubF/DpmaF,entity
common DDP intermediate → subglutinols A/B,entity
subglutinol A,entity
Drosophila DL-1 cell growth,entity
subglutinol A injection,entity
acute adult-Drosophila paralysis/unmoving phenotype,entity
dpfgA-E,entity
common decalin-containing diterpenoid-pyrone core,entity
dpfgG/dpfgH,entity
C8 stereochemistry by sequential oxidation/reduction,entity
dpfgI/dpfgJ/dpfgK,entity
late FDDP intermediates → FDDP-D/E,entity
C16 PKS/terpene-synthase integrity,entity
native FDDP-D/E production,entity
dpchA-E core,entity
common decalin-containing diterpenoid-pyrone intermediate,entity
DpchG/DpchH,entity
C8 stereochemistry,entity
DpchF,entity
late dpch intermediate → higginsianin A,entity
broader higginsianin/secondary-metabolite output,entity
higginsianin B,entity
JAZ degradation / JA-Ile signalling,entity
P. chartarum spores,entity
sporidesmin-family toxins,entity
sporidesmin A exposure,entity
facial eczema/pithomycotoxicosis in grazing ruminants,entity
Spd candidate locus,entity
characterized fungal ETP biosynthetic clusters,entity
Pro1,entity
FPP → 6-protoilludene,entity
CYP-Arm3,entity
6-protoilludene → 8α-hydroxy-6-protoilludene,entity
CYP-Arm2,entity
6-protoilludene → unresolved polar product,entity
complete armillyl-orsellinate programme,entity
BGC0002445 five-gene early module,entity
BsPS/Ssk6,entity
preterpestacin I scaffold,entity
ssk6 deletion,entity
native preterpestacin-derived metabolite programme,entity
ssk4 glycosyltransferase candidate,entity
glycosylated terpestacin branch,entity
selected downstream congeners,entity
LPS-induced NO production in RAW264.7 cells,entity
MPAS/CuPKS1,entity
methylphloracetophenone precursor,entity
MPAO,entity
methylphloracetophenone toward usnic acid,entity
intact lichen state,entity
mpas/mpao transcription and usnic-acid detection,entity
pen cluster,entity
"α,β-polysulfide ETP family",entity
PenP,entity
Phe-derived diketopiperazine scaffold,entity
isolated ETP congeners,entity
adametizine/penigainamide/FA2097-related states,entity
adametizine A,entity
selective cytotoxicity and mild antiaging activity,entity
G9 FUM-cluster haplotype,entity
fumonisin-producing progeny,entity
FUM21,entity
FUM6/FUM8/FUM10 transcription,entity
FUM21 defect + FUM7-region defect,entity
G1 fumonisin nonproduction,entity
FUM cluster,entity
fumonisin B1/B2/B3,entity
XenE + XenG,entity
tyrosine-nonaketide skeleton,entity
XenA,entity
skeleton → pyrrolidinone intermediate,entity
XenF,entity
precursor → cyclohexane intermediate,entity
XenD,entity
XenF product → XenC substrate,entity
XenC,entity
para-cyclophane ether preceding spontaneous Diels-Alder closure,entity
SpoP/SpoM pathway arm,entity
methylated naphthalene coupling precursor,entity
SpoL + SpoF,entity
naphthalene precursor → sporandol,entity
purple C. macilenta chemotype,entity
brq1–brq6 and biruloquinone-producing phenotype,entity
brq5 / PKS21,entity
biruloquinone polyketide precursor,entity
brq3 / brq4,entity
methylation and oxidation steps in proposed biruloquinone biosynthesis,entity
brq2,entity
biruloquinone or a pathway metabolite,entity
Stl-TS,entity
"DMAPP + IPP → stellata-2,6,19-triene",entity
Stl-P450,entity
"stellata-2,6,19-triene → stellatic acid",entity
A. mulundensis Y-30462,entity
mulundocandin,entity
BGC0002611 / KP742486.1,entity
mulundocandin biosynthesis,entity
htyA-htyD,entity
homotyrosine precursor biosynthesis,entity
AKJ70942.1 NRPS,entity
echinocandin lipohexapeptide assembly,entity
AndM,entity
"3,5-dimethylorsellinic acid",entity
AndD,entity
DMOA-derived aromatic precursor with farnesyl group,entity
AndA,entity
andiconin bicyclo[2.2.2]octane core,entity
AndF,entity
anditomin,entity
historical Diels-Alder model,entity
AndA enzyme-mediated skeletal reconstruction,entity
esdpA,entity
pyrone polyketide precursor,entity
esdpD,entity
GGPP diterpene precursor,entity
esdpC,entity
polyketide and diterpene branches,entity
esdpE,entity
diterpenyl side chain before cyclization,entity
esdpB,entity
DDP terpene moiety,entity
engineered esdp/tailoring combinations,entity
expanded DDP chemical space,entity
P. roridum NRRL 2183,entity
halovirs I–K,entity
PrHalA-containing candidate locus,entity
halovir I–K biosynthesis,entity
SdxC + SdxD + SdxA,entity
ketone 12,entity
SDR-mediated reduction of ketone 12,entity
spontaneous o-QM/cation cyclization to M/P-deoxyakanthomycin,entity
SdxB,entity
N-hydroxylation toward akanthomycin,entity
Xylaria sp. 218_066,entity
xylaroamide A,entity
candidate Xyl NRPS locus,entity
xylaroamide A biosynthesis,entity
FfnC,entity
phosphonoacetaldehyde -> 2-hydroxyethylphosphonic acid,entity
FfnD,entity
2-hydroxyethylphosphonic acid -> (S)-epoxyethylphosphonic acid,entity
FfnABCD conserved module,entity
early fosfonochlorin phosphonate biosynthesis,entity
Copu5,entity
FPP -> (+)-δ-cadinol,entity
MEP-pathway optimization,entity
heterologous (+)-δ-cadinol production,entity
Copu9,entity
CONPUDRAFT_118913,entity
Copu9 structure 7OFL,entity
PKS12,entity
AurR1/GIP2,entity
aurofusarin cluster expression,entity
AurT,entity
rubrofusarin,entity
iron deficiency,entity
mrsidA/mrsidD expression and siderophore production,entity
mrsidA,entity
metachelins and dimerumic acids,entity
mrsidD,entity
both coprogen and dimerumic-acid branches,entity
B. sorokiniana 11134,entity
chlorinated chromones/xanthones,entity
candidate halogenase-associated locus,entity
BGC0002726 product family,entity
iliA+B+C+D,entity
ilicicolin H and ilicicolin J,entity
AneC,entity
"dauca-4,7-diene",entity
AneF,entity
"dauca-4,7-diene C-12 → asperaculane D",entity
AneD,entity
asperaculane D at C-10 → asperaculane E,entity
AneG,entity
asperaculane E → aculene D via C-2 oxidation/decarboxylation,entity
AneB + AneE,entity
L-proline-derived moiety to aculene D/C → B/A,entity
srdA+C+D+E,entity
salicylic alcohol intermediate 2,entity
SrdI,entity
alcohol 2 → aldehyde 3,entity
full srd cluster,entity
sordarial,entity
native N. crassa OR74A,entity
sordarial UNCERTAIN / unobserved in defining study,entity
P. brasilianum HBU-136,entity
spirotryprostatin G and cyclotryprostatins,entity
candidate ctp locus,entity
indole-diketopiperazine product family,entity
rice + 1.0% MgCl2,entity
eight HBU-136 IDKPs,entity
A. nanangensis MST-FP2251,entity
nanangenines,entity
putative nan cluster,entity
nanangenine biosynthesis,entity
FE257_006542,entity
drimane precursor chemistry,entity
ATEG_03629,entity
ATEG_03630,entity
"5-methylorsellinic acid → 2,4-dihydroxy-5,6-dimethylbenzaldehyde",entity
ATEG_03629 + ATEG_03630,entity
two-step aryl-aldehyde module in yeast,entity
AtAS,entity
preaspterpenacid I,entity
AtP450,entity
preaspterpenacid I at C22,entity
native A. terreus NIH2624,entity
UNCERTAIN in defining study,entity
verA,entity
verrucosidin production,entity
ΔverA,entity
verrucosidin in culture and apples,entity
cl3A deletion,entity
NRRL995 dov cluster,entity
X6 ver cluster,entity
ver cluster genotype,entity
P. polonicum strains IBT4502/X6 and hy4,entity
D. bispora CBS 962.96,entity
dendrothelin A-related peptides,entity
DbiMA1,entity
its C-terminal borosin core peptide,entity
OphMA_DbiCORE + OphP,entity
dendrothelin A,entity
DbiP,entity
native DbiMA1 core,entity
M. incognita,entity
L. edodes,entity
lentinulin A-related peptides,entity
LedMA,entity
lentinulin core precursor,entity
LedP,entity
tested borosin precursors/hybrids,entity
OphMA_LedCORE + OphP/LedP,entity
lentinulin A,entity
AcdD,entity
3-hydroxy-L-kynurenine,entity
AcdB,entity
one malonyl-CoA unit,entity
aspcandine tricyclic scaffold,entity
BDW47DRAFT_120077,entity
aspcandine/pathway metabolite,entity
DbaI,entity
DHMBA,entity
DbaH,entity
DHMBA-derived azanidulone/tropolone branch,entity
TroA,entity
tropolone-ring branch,entity
sepedonin,entity
anhydrosepedonin,entity
DbaB,entity
antibiotic C,entity
S. mobaraensis glycopeptide signal,entity
DbaA-dependent dba/troA transcription,entity
BrvA,entity
polyketide-derived pyrone precursor,entity
BrvB + BrvC,entity
geranylgeranyl-derived terpene unit,entity
BrvF,entity
epoxidized prenylated scaffold,entity
BrvJ,entity
brevione-B-derived branch substrate,entity
BrvL,entity
brevione E,entity
CTC1,entity
CTC4,entity
orsellinic-acid-derived scaffold,entity
CTC2,entity
colletochlorin branch,entity
ΔcclA,entity
native colletorin/colletochlorin chemistry,entity
extra CTC4 expression,entity
downstream colletochlorin-family production in yeast,entity
spyA,entity
triacetic acid lactone,entity
spyF,entity
TAL with GGPP to geranylgeranyl-triacetate lactone,entity
spyC,entity
geranylgeranyl-triacetate lactone terminal olefin,entity
spyD,entity
epoxygeranylgeranyl-triacetate lactone to sartorypyrones F and D,entity
spyB,entity
sartorypyrones D/F to sartorypyrones A/G,entity
spyE,entity
GGPP for the diterpenoid branch,entity
Ma_OvaA,entity
"octanoyl-, 2-octenoyl-, hexanoyl- and 2-hexenoyl starter units",entity
Ma_OvaB,entity
starter units to ACP-bound resorcylyl thioesters,entity
Ma_OvaC,entity
resorcylyl thioesters to olivetolic acid and analogs,entity
DrcA,entity
"CJ-20,557",entity
DrcA SAT domain,entity
depside ester bond,entity
DrcB,entity
"CJ-20,557 to duricamidepside",entity
LtbA,entity
luteodiene A / gem-dimethylated polyketide chain,entity
LtbA cAT domain,entity
polyketide chain using glucinol to form luteodienoside A,entity
LtbB,entity
glucinol-dependent luteodienoside A production,entity
A. nidulans host enzymes,entity
luteodienoside A to luteodiene A and luteodienoside B,entity
PbpsA,entity
"3,6-dialkyl-α-pyrone",entity
EstB1,entity
indole-diterpene precursor to emindole SA architecture,entity
MollD,entity
depsidone ether and C-3 hydroxylated intermediates,entity
MollC,entity
depsidone intermediate,entity
MollF,entity
aromatic depsidone precursor to mollicellin Z,entity
sclA,entity
sclerotiorin-like azaphilone production,entity
sclI,entity
Clz14+Clz17+Clz11,entity
L-731.120,entity
Clz2,entity
squalestatin tetraketide side-chain precursor,entity
Clz6,entity
tricarboxylic core with tetraketide side chain,entity
fructose/glucose condition,entity
cristazarin production and crz1-crz9 induction,entity
crz7 / PKS22,entity
cristazarin pathway,entity
DesB,entity
indole-diterpene precursor to emindole DA/DB architecture,entity
DesM,entity
PaxM methyltransferase role in heterologous pathway,entity
MilA / CCM_09346,entity
highly reducing polyketide synthase in the cordypyrone module,entity
MilB / CCM_09345,entity
trans-acting enoyl reductase in the cordypyrone module,entity
three-gene module,entity
cordypyrone A and cordypyrone B,entity
PKS21/six-gene locus,entity
biruloquinone-producing chemotype,entity
SidC,entity
ferricrocin,entity
SidC A3,entity
L-AHO onto downstream T domains,entity
SidC C3,entity
three-residue peptidyl intermediate,entity
AtnH+AtnG,entity
hexaketide arthripenoid core,entity
AtnF,entity
decarboxylated aromatic polyketide,entity
AtnI,entity
bis-epoxidized meroterpenoid precursor,entity
arthripenoid B-derived oxidized intermediate,entity
arthripenoids A/C/D/E/F,entity
AncC,entity
FPP to (+)-albicanol,entity
AncA,entity
FPP to (R)-trans-gamma-monocyclofarnesol,entity
FnsA,entity
naringenin from p-coumaric acid + malonyl-CoA,entity
FnsA A domain,entity
p-coumaric acid and p-hydroxybenzoic acid,entity
AstE/A/G,entity
5'-farnesyl-DHMP early meroterpenoid,entity
AstI,entity
13-deacetoxyaustalide I at C-6,entity
AstB,entity
13-O-deacetylaustalide I to hemiacetal precursor,entity
AstL,entity
hemiacetal to form austalide-B orthoester,entity
AstK,entity
austalide B to austalide F,entity
SesE+SesM+SesB,entity
prelecanindole,entity
SES cluster,entity
TER-cluster-derived indole-diterpene substrates,entity
SES/TER crosstalk,entity
indole-terpenoid congener diversity,entity
PKS16-centered cluster,entity
gyrophoric-acid-producing Umbilicaria species,entity
candidate GA cluster family,entity
gyrophoric/umbilicaric/hiascic acid profiles,entity
opd cluster,entity
Oxopyrrolidines A/B,entity
OpdC,entity
OpdA reductive chain assembly,entity
PscyA,entity
N-methylated amino-acid substrates,entity
PscyB,entity
cycloaspeptides A/E,entity
VdoD,entity
cyclopenin to cyclopenol,entity
cyclopenol,entity
viridicatol,entity
candidate ilicicolin BGC,entity
ilicicolinal/ilicicolinic acid A production,entity
annullatin BGC,entity
annullatin family,entity
Rsf1,entity
rasfonin biosynthesis,entity
eup2 cluster,entity
Eupenifeldin family,entity
dep physical cluster,entity
terminal nornidulin halogenation,entity
MacC,entity
tetramic-acid beta carbon,entity
candidate azaphilone BGC,entity
sclerotiorin/isochromophilone production,entity
crmA,entity
fumicicolin A/B production,entity
copper starvation,entity
CrmA-dependent metabolite programme,entity
valine isocyanide,entity
fumicicolin and fumivaline branches,entity
TraH,entity
crustosic acid toward olefinic intermediate,entity
TraD,entity
TraH-derived intermediate to terrestric acid,entity
terrestric-acid BGC,entity
terrestric acid,entity
soppiline BGC,entity
soppilines A-C,entity
HR-PKS,entity
polyunsaturated alkyl chain,entity
type III PKS,entity
alkylresorcinol-forming release/cyclization,entity
GdlS,entity
FPP to germacradienol,entity
Mg2+,entity
GdlS catalytic activity,entity
native A. ustus tested conditions,entity
detectable germacradienol/geosmin production,entity
SatA,entity
FPP to sativene,entity
SatB,entity
sativene-derived skeleton,entity
SatC,entity
aldehyde intermediate to prehelminthosporol,entity
Hda1,entity
BEA cluster output,entity
Kmt6/H3K27 state,entity
BEA chromatin accessibility/output,entity
BEA3,entity
beauvericin production,entity
BEA1,entity
LB + 2% fructose,entity
MpbA expression and malpibaldin production,entity
MpbA,entity
malpibaldin A-C biosynthesis,entity
MpbA A domains,entity
module-specific amino acid substrates,entity
TndC,entity
talarodiene from GGPP,entity
talarodiene,entity
talaronoid C,entity
prenyltransferase and diterpene-cyclase functions,entity
MpcA expression and malpicyclin production,entity
MpcA,entity
malpicyclin A-F biosynthesis,entity
malpicyclins A-D,entity
tested Gram-positive bacteria,entity
MpcA A domains,entity
NRPS4 overexpression,entity
fusahexin production,entity
NRPS4,entity
fusahexin,entity
NRPS4 terminal module,entity
two leucine incorporations,entity
Pro-Thr oxazine ether bridge,entity
EchPT1,entity
cyclo-L-Trp-L-Ala to preechinulin,entity
EchPT2,entity
preechinulin and dehydro congeners,entity
EchP450,entity
preechinulin at C10-C11,entity
preechinulin,entity
echinulin via EchPT2 or neoechinulin A branch via EchP450,entity
four-gene cluster,entity
echinulin/neoechinulin A production in A. nidulans,entity
UcdG,entity
4-hydroxyphenylpyruvate from L-tyrosine,entity
UcdA,entity
atromentin,entity
UcdB,entity
atromentin-derived quinone,entity
UcdE,entity
dihydroxyterphenyllin to usterphenyllin products,entity
usterphenyllins,entity
uscandidusin dibenzofurans,entity
ortho-dihydroxyphenyl motif,entity
pbo cluster,entity
(-)-protubonine B,entity
bimodular NRPS,entity
cyclo-L-Trp-L-Leu-derived scaffold,entity
flavin-dependent oxygenase,entity
indole-containing protubonine intermediate,entity
two acetyltransferases,entity
protubonine intermediates toward final diacetylated product,entity
PbaC,entity
L-tryptophan to tryptamine,entity
PbaE,entity
tryptamine,entity
PbaD,entity
prenylated tryptamine intermediate with L-glutamate,entity
PbaB,entity
indole C2-C3 bond,entity
L-glutamic acid feeding,entity
penindolenes A-D,entity
antimicrobial and acetylcholinesterase-inhibitory activity,entity
PhoE,entity
phomoxanthone A,entity
PhoCDEFGHK,entity
chrysophanol,entity
PhoBJKLMNP,entity
chrysophanol to penexanthone B,entity
PhoO,entity
two penexanthone B units via C4-C4' bond,entity
MIBiG BGC0003093,entity
retired — validation failed,entity
ΔphoE,entity
alternative monoterpene/polypropionate pathways,entity
prosJ,entity
3-methylorsellinic-acid/depside biosynthesis,entity
prosK/prosB/prosA/prosC/prosF,entity
depside intermediates toward roseopurpurins C/D,entity
prosG,entity
human cyclin-dependent kinases,entity
roseopurpurin C,entity
CDK2 with ATP,entity
G1 cell-cycle arrest in HCT116,entity
A. uvarum cluster-TF overexpression,entity
late roseopurpurin product titers condition-dependently,entity
FmPKS8 / FMAN_15223,entity
fusamarin biosynthesis,entity
FmKmt1/H3K9 methylation,entity
FmPKS8 cluster expression,entity
6 mM NaNO3,entity
FmPKS8/fusamarin production,entity
glutamine/high nitrate,entity
FmPKS8 expression in F. mangiferae,entity
FMAN_15219/FMAN_15224 flanks,entity
target fusamarin compounds,entity
fusamarins,entity
moderate cytotoxicity,entity
pycPKS,entity
tropolone polyketide branch,entity
pycR6,entity
humulene,entity
pycR1,entity
hetero-Diels-Alder coupling,entity
StrA KR domain,entity
beta-keto reduction and reductive polyketide chain release,entity
StrC,entity
aromatization of the salicylaldehyde scaffold,entity
jmaza-like locus,entity
multiformin azaphilone production,entity
multiformins,entity
J. multiformis stromata,entity
OesA,entity
orsellinyl group onto 3-hydroxypropanoic acid,entity
OesA ACP1 and ACP2,entity
product formation,entity
mfnPKS1/mfnPKS2,entity
complementary tetraketide-derived building blocks,entity
mfnL3,entity
pyrone pathway intermediates,entity
mfn pathway,entity
multiforisin H,entity
VrcA,entity
GFPP to variecoladiene,entity
VrcB,entity
variecoladiene-derived intermediates to variecolin/variecolactone,entity
candidate azaphilone locus,entity
minutellin/hinnulin chemistry,entity
minutellins A-D,entity
J. minutella stromata,entity
KtnS,entity
coumarin precursor for kotanin,entity
KtnC,entity
two phenolic monomers regio- and stereoselectively,entity
Ao415,entity
desferriferrichrome biosynthesis,entity
desferriferrichrome/iron balance,entity
nematode-trap formation,entity
PeTS1,entity
FPP-derived substrate to (+)-aristolochene,entity
MBP fusion + MEP engineering,entity
heterologous (+)-aristolochene titer,entity
dpfgA / PKS15,entity
FDDP-D/E biosynthesis,entity
dpfgE / terpene synthase,entity
efficient FDDP-D/E production,entity
dpfgG/H/I/J/K tailoring module,entity
common intermediate toward FDDP-D/E,entity
wheat infection,entity
C16 terpene-synthase disruption,entity
wheat disease phenotype,entity
Q6 liquid medium,entity
high in vitro FDDP-D/E detection,entity
PF33-1_006185 / PKS16,entity
olivetoric/physodic acid pathway,entity
candidate-cluster cytochrome P450,entity
depsidone ether-bond formation,entity
olivetoric acid,entity
physodic acid,entity
cluster 4,entity
both P. furfuracea chemotypes,entity
physodic-acid chemotype,entity
physodic acid production,entity
JAIUPS000000000,entity
PF33-1_006185 / cluster 4,entity
BGC0003144 canonical physical placement,entity
literature candidate locus without coordinate reconciliation,entity
MpsA + MpsG,entity
tetramic-acid precursor,entity
MpsD,entity
macrophasetin A precursor,entity
MpsF,entity
macrophasetin A to C,entity
group-D TAS1 homologue,entity
fungal γ-lactam biosynthesis,entity
Taslactam C,entity
proteasome,entity
mlfA,entity
Malformin A2/C biosynthesis,entity
mlfA complementation,entity
malformin production,entity
Taslactam D,entity
taslactam γ-lactam family,entity
pksAC in A. fabae,entity
ascochitine production,entity
AV22 cluster,entity
A. fabae ascochitine cluster,entity
AnuA,entity
aromatic polyketide core,entity
AnuH,entity
annullatin intermediate,entity
AnuG,entity
precursor to annullatin D,entity
FUP1,entity
fusaproliferin sesterterpene pathway,entity
FUP4,entity
terpestacin,entity
FUP5,entity
terpestacin to fusaproliferin,entity
CpaA/CpaS,entity
cAATrp,entity
CpaD,entity
cAATrp to β-CPA,entity
CpaO,entity
β-CPA to α-CPA,entity
TvTS-PT,entity
HexPP,entity
TvTS-TC,entity
HexPP to talaropentaene,entity
amyB promoter replacement,entity
native TvTS product formation,entity
MpMS-PT,entity
MpMS-TC,entity
HexPP to macrophomene,entity
MpMS D114A/N115A,entity
PT activity from TC activity,entity
CgCS / Cgl13855,entity
colleterpenol,entity
CgCS prenyltransferase domain,entity
HexPP precursor,entity
BGC0003159 canonical interval,entity
ES026 functional locus without sequence reconciliation,entity
early EAS genes dmaW/easF/easE/easC,entity
chanoclavine I formation,entity
easD/easA/easG,entity
agroclavine branch,entity
late EAS/lps gene complement,entity
lysergyl amides and ergobalansine,entity
host symbiosis,entity
native ergot-alkaloid production,entity
lpsB,entity
ergovaline biosynthesis,entity
lpsB disruption,entity
lysergic acid,entity
lysergyl-alanine/ergovaline branch progression,entity
grass host association,entity
high EAS pathway expression,entity
idtG/idtM/idtB/idtC core,entity
paspaline scaffold biosynthesis,entity
idtP/idtQ/idtK/idtF peripheral module,entity
downstream indole-diterpene diversification,entity
native indole-diterpene production,entity
idtS,entity
P. ipomoeae IDT pathway,entity
